Municipal,County,State,Region
NA,NA,NA,United States
NA,NA,MA,MA
NA,Barnstable County,MA,Barnstable County
NA,Berkshire County,MA,Berkshire County
NA,Bristol County,MA,Bristol County
NA,Dukes County,MA,Dukes County
NA,Essex County,MA,Essex County
NA,Franklin County,MA,Franklin County
NA,Hampden County,MA,Hampden County
NA,Hampshire County,MA,Hampshire County
NA,Middlesex County,MA,Middlesex County
NA,Nantucket County,MA,Nantucket County
NA,Norfolk County,MA,Norfolk County
NA,Plymouth County,MA,Plymouth County
NA,Suffolk County,MA,Suffolk County
NA,Worcester County,MA,Worcester County
Abington,Plymouth County,MA,Abington
Acton,Middlesex County,MA,Acton
Acushnet,Bristol County,MA,Acushnet
Adams,Berkshire County,MA,Adams
Agawam,Hampden County,MA,Agawam
Alford,Berkshire County,MA,Alford
Amesbury,Essex County,MA,Amesbury
Amherst,Hampshire County,MA,Amherst
Andover,Essex County,MA,Andover
Aquinnah,Dukes County,MA,Aquinnah
Arlington,Middlesex County,MA,Arlington
Ashburnham,Worcester County,MA,Ashburnham
Ashby,Middlesex County,MA,Ashby
Ashfield,Franklin County,MA,Ashfield
Ashland,Middlesex County,MA,Ashland
Athol,Worcester County,MA,Athol
Attleboro,Bristol County,MA,Attleboro
Auburn,Worcester County,MA,Auburn
Avon,Norfolk County,MA,Avon
Ayer,Middlesex County,MA,Ayer
Barnstable,Barnstable County,MA,Barnstable
Barre,Worcester County,MA,Barre
Becket,Berkshire County,MA,Becket
Bedford,Middlesex County,MA,Bedford
Belchertown,Hampshire County,MA,Belchertown
Bellingham,Norfolk County,MA,Bellingham
Belmont,Middlesex County,MA,Belmont
Berkley,Bristol County,MA,Berkley
Berlin,Worcester County,MA,Berlin
Bernardston,Franklin County,MA,Bernardston
Beverly,Essex County,MA,Beverly
Billerica,Middlesex County,MA,Billerica
Blackstone,Worcester County,MA,Blackstone
Blandford,Hampden County,MA,Blandford
Bolton,Worcester County,MA,Bolton
Boston,Suffolk County,MA,Boston
Bourne,Barnstable County,MA,Bourne
Boxborough,Middlesex County,MA,Boxborough
Boxford,Essex County,MA,Boxford
Boylston,Worcester County,MA,Boylston
Braintree,Norfolk County,MA,Braintree
Brewster,Barnstable County,MA,Brewster
Bridgewater,Plymouth County,MA,Bridgewater
Brimfield,Hampden County,MA,Brimfield
Brockton,Plymouth County,MA,Brockton
Brookfield,Worcester County,MA,Brookfield
Brookline,Norfolk County,MA,Brookline
Buckland,Franklin County,MA,Buckland
Burlington,Middlesex County,MA,Burlington
Cambridge,Middlesex County,MA,Cambridge
Canton,Norfolk County,MA,Canton
Carlisle,Middlesex County,MA,Carlisle
Carver,Plymouth County,MA,Carver
Charlemont,Franklin County,MA,Charlemont
Charlton,Worcester County,MA,Charlton
Chatham,Barnstable County,MA,Chatham
Chelmsford,Middlesex County,MA,Chelmsford
Chelsea,Suffolk County,MA,Chelsea
Cheshire,Berkshire County,MA,Cheshire
Chester,Hampden County,MA,Chester
Chesterfield,Hampshire County,MA,Chesterfield
Chicopee,Hampden County,MA,Chicopee
Chilmark,Dukes County,MA,Chilmark
Clarksburg,Berkshire County,MA,Clarksburg
Clinton,Worcester County,MA,Clinton
Cohasset,Norfolk County,MA,Cohasset
Colrain,Franklin County,MA,Colrain
Concord,Middlesex County,MA,Concord
Conway,Franklin County,MA,Conway
Cummington,Hampshire County,MA,Cummington
Dalton,Berkshire County,MA,Dalton
Danvers,Essex County,MA,Danvers
Dartmouth,Bristol County,MA,Dartmouth
Dedham,Norfolk County,MA,Dedham
Deerfield,Franklin County,MA,Deerfield
Dennis,Barnstable County,MA,Dennis
Dighton,Bristol County,MA,Dighton
Douglas,Worcester County,MA,Douglas
Dover,Norfolk County,MA,Dover
Dracut,Middlesex County,MA,Dracut
Dudley,Worcester County,MA,Dudley
Dunstable,Middlesex County,MA,Dunstable
Duxbury,Plymouth County,MA,Duxbury
East Bridgewater,Plymouth County,MA,East Bridgewater
East Brookfield,Worcester County,MA,East Brookfield
East Longmeadow,Hampden County,MA,East Longmeadow
Eastham,Barnstable County,MA,Eastham
Easthampton,Hampshire County,MA,Easthampton
Easton,Bristol County,MA,Easton
Edgartown,Dukes County,MA,Edgartown
Egremont,Berkshire County,MA,Egremont
Erving,Franklin County,MA,Erving
Essex,Essex County,MA,Essex
Everett,Middlesex County,MA,Everett
Fairhaven,Bristol County,MA,Fairhaven
Fall River,Bristol County,MA,Fall River
Falmouth,Barnstable County,MA,Falmouth
Fitchburg,Worcester County,MA,Fitchburg
Florida,Berkshire County,MA,Florida
Foxborough,Norfolk County,MA,Foxborough
Framingham,Middlesex County,MA,Framingham
Franklin,Norfolk County,MA,Franklin
Freetown,Bristol County,MA,Freetown
Gardner,Worcester County,MA,Gardner
Georgetown,Essex County,MA,Georgetown
Gill,Franklin County,MA,Gill
Gloucester,Essex County,MA,Gloucester
Goshen,Hampshire County,MA,Goshen
Gosnold,Dukes County,MA,Gosnold
Grafton,Worcester County,MA,Grafton
Granby,Hampshire County,MA,Granby
Granville,Hampden County,MA,Granville
Great Barrington,Berkshire County,MA,Great Barrington
Greenfield,Franklin County,MA,Greenfield
Groton,Middlesex County,MA,Groton
Groveland,Essex County,MA,Groveland
Hadley,Hampshire County,MA,Hadley
Halifax,Plymouth County,MA,Halifax
Hamilton,Essex County,MA,Hamilton
Hampden,Hampden County,MA,Hampden
Hancock,Berkshire County,MA,Hancock
Hanover,Plymouth County,MA,Hanover
Hanson,Plymouth County,MA,Hanson
Hardwick,Worcester County,MA,Hardwick
Harvard,Worcester County,MA,Harvard
Harwich,Barnstable County,MA,Harwich
Hatfield,Hampshire County,MA,Hatfield
Haverhill,Essex County,MA,Haverhill
Hawley,Franklin County,MA,Hawley
Heath,Franklin County,MA,Heath
Hingham,Plymouth County,MA,Hingham
Hinsdale,Berkshire County,MA,Hinsdale
Holbrook,Norfolk County,MA,Holbrook
Holden,Worcester County,MA,Holden
Holland,Hampden County,MA,Holland
Holliston,Middlesex County,MA,Holliston
Holyoke,Hampden County,MA,Holyoke
Hopedale,Worcester County,MA,Hopedale
Hopkinton,Middlesex County,MA,Hopkinton
Hubbardston,Worcester County,MA,Hubbardston
Hudson,Middlesex County,MA,Hudson
Hull,Plymouth County,MA,Hull
Huntington,Hampshire County,MA,Huntington
Ipswich,Essex County,MA,Ipswich
Kingston,Plymouth County,MA,Kingston
Lakeville,Plymouth County,MA,Lakeville
Lancaster,Worcester County,MA,Lancaster
Lanesborough,Berkshire County,MA,Lanesborough
Lawrence,Essex County,MA,Lawrence
Lee,Berkshire County,MA,Lee
Leicester,Worcester County,MA,Leicester
Lenox,Berkshire County,MA,Lenox
Leominster,Worcester County,MA,Leominster
Leverett,Franklin County,MA,Leverett
Lexington,Middlesex County,MA,Lexington
Leyden,Franklin County,MA,Leyden
Lincoln,Middlesex County,MA,Lincoln
Littleton,Middlesex County,MA,Littleton
Longmeadow,Hampden County,MA,Longmeadow
Lowell,Middlesex County,MA,Lowell
Ludlow,Hampden County,MA,Ludlow
Lunenburg,Worcester County,MA,Lunenburg
Lynn,Essex County,MA,Lynn
Lynnfield,Essex County,MA,Lynnfield
Malden,Middlesex County,MA,Malden
Manchester-by-the-Sea,Essex County,MA,Manchester-by-the-Sea
Mansfield,Bristol County,MA,Mansfield
Marblehead,Essex County,MA,Marblehead
Marion,Plymouth County,MA,Marion
Marlborough,Middlesex County,MA,Marlborough
Marshfield,Plymouth County,MA,Marshfield
Mashpee,Barnstable County,MA,Mashpee
Mattapoisett,Plymouth County,MA,Mattapoisett
Maynard,Middlesex County,MA,Maynard
Medfield,Norfolk County,MA,Medfield
Medford,Middlesex County,MA,Medford
Medway,Norfolk County,MA,Medway
Melrose,Middlesex County,MA,Melrose
Mendon,Worcester County,MA,Mendon
Merrimac,Essex County,MA,Merrimac
Methuen,Essex County,MA,Methuen
Middleborough,Plymouth County,MA,Middleborough
Middlefield,Hampshire County,MA,Middlefield
Middleton,Essex County,MA,Middleton
Milford,Worcester County,MA,Milford
Millbury,Worcester County,MA,Millbury
Millis,Norfolk County,MA,Millis
Millville,Worcester County,MA,Millville
Milton,Norfolk County,MA,Milton
Monroe,Franklin County,MA,Monroe
Monson,Hampden County,MA,Monson
Montague,Franklin County,MA,Montague
Monterey,Berkshire County,MA,Monterey
Montgomery,Hampden County,MA,Montgomery
Mount Washington,Berkshire County,MA,Mount Washington
Nahant,Essex County,MA,Nahant
Nantucket,Nantucket County,MA,Nantucket
Natick,Middlesex County,MA,Natick
Needham,Norfolk County,MA,Needham
New Ashford,Berkshire County,MA,New Ashford
New Bedford,Bristol County,MA,New Bedford
New Braintree,Worcester County,MA,New Braintree
New Marlborough,Berkshire County,MA,New Marlborough
New Salem,Franklin County,MA,New Salem
Newbury,Essex County,MA,Newbury
Newburyport,Essex County,MA,Newburyport
Newton,Middlesex County,MA,Newton
Norfolk,Norfolk County,MA,Norfolk
North Adams,Berkshire County,MA,North Adams
North Andover,Essex County,MA,North Andover
North Attleborough,Bristol County,MA,North Attleborough
North Brookfield,Worcester County,MA,North Brookfield
North Reading,Middlesex County,MA,North Reading
Northampton,Hampshire County,MA,Northampton
Northborough,Worcester County,MA,Northborough
Northbridge,Worcester County,MA,Northbridge
Northfield,Franklin County,MA,Northfield
Norton,Bristol County,MA,Norton
Norwell,Plymouth County,MA,Norwell
Norwood,Norfolk County,MA,Norwood
Oak Bluffs,Dukes County,MA,Oak Bluffs
Oakham,Worcester County,MA,Oakham
Orange,Franklin County,MA,Orange
Orleans,Barnstable County,MA,Orleans
Otis,Berkshire County,MA,Otis
Oxford,Worcester County,MA,Oxford
Palmer,Hampden County,MA,Palmer
Paxton,Worcester County,MA,Paxton
Peabody,Essex County,MA,Peabody
Pelham,Hampshire County,MA,Pelham
Pembroke,Plymouth County,MA,Pembroke
Pepperell,Middlesex County,MA,Pepperell
Peru,Berkshire County,MA,Peru
Petersham,Worcester County,MA,Petersham
Phillipston,Worcester County,MA,Phillipston
Pittsfield,Berkshire County,MA,Pittsfield
Plainfield,Hampshire County,MA,Plainfield
Plainville,Norfolk County,MA,Plainville
Plymouth,Plymouth County,MA,Plymouth
Plympton,Plymouth County,MA,Plympton
Princeton,Worcester County,MA,Princeton
Provincetown,Barnstable County,MA,Provincetown
Quincy,Norfolk County,MA,Quincy
Randolph,Norfolk County,MA,Randolph
Raynham,Bristol County,MA,Raynham
Reading,Middlesex County,MA,Reading
Rehoboth,Bristol County,MA,Rehoboth
Revere,Suffolk County,MA,Revere
Richmond,Berkshire County,MA,Richmond
Rochester,Plymouth County,MA,Rochester
Rockland,Plymouth County,MA,Rockland
Rockport,Essex County,MA,Rockport
Rowe,Franklin County,MA,Rowe
Rowley,Essex County,MA,Rowley
Royalston,Worcester County,MA,Royalston
Russell,Hampden County,MA,Russell
Rutland,Worcester County,MA,Rutland
Salem,Essex County,MA,Salem
Salisbury,Essex County,MA,Salisbury
Sandisfield,Berkshire County,MA,Sandisfield
Sandwich,Barnstable County,MA,Sandwich
Saugus,Essex County,MA,Saugus
Savoy,Berkshire County,MA,Savoy
Scituate,Plymouth County,MA,Scituate
Seekonk,Bristol County,MA,Seekonk
Sharon,Norfolk County,MA,Sharon
Sheffield,Berkshire County,MA,Sheffield
Shelburne,Franklin County,MA,Shelburne
Sherborn,Middlesex County,MA,Sherborn
Shirley,Middlesex County,MA,Shirley
Shrewsbury,Worcester County,MA,Shrewsbury
Shutesbury,Franklin County,MA,Shutesbury
Somerset,Bristol County,MA,Somerset
Somerville,Middlesex County,MA,Somerville
South Hadley,Hampshire County,MA,South Hadley
Southampton,Hampshire County,MA,Southampton
Southborough,Worcester County,MA,Southborough
Southbridge,Worcester County,MA,Southbridge
Southwick,Hampden County,MA,Southwick
Spencer,Worcester County,MA,Spencer
Springfield,Hampden County,MA,Springfield
Sterling,Worcester County,MA,Sterling
Stockbridge,Berkshire County,MA,Stockbridge
Stoneham,Middlesex County,MA,Stoneham
Stoughton,Norfolk County,MA,Stoughton
Stow,Middlesex County,MA,Stow
Sturbridge,Worcester County,MA,Sturbridge
Sudbury,Middlesex County,MA,Sudbury
Sunderland,Franklin County,MA,Sunderland
Sutton,Worcester County,MA,Sutton
Swampscott,Essex County,MA,Swampscott
Swansea,Bristol County,MA,Swansea
Taunton,Bristol County,MA,Taunton
Templeton,Worcester County,MA,Templeton
Tewksbury,Middlesex County,MA,Tewksbury
Tisbury,Dukes County,MA,Tisbury
Tolland,Hampden County,MA,Tolland
Topsfield,Essex County,MA,Topsfield
Townsend,Middlesex County,MA,Townsend
Truro,Barnstable County,MA,Truro
Tyngsborough,Middlesex County,MA,Tyngsborough
Tyringham,Berkshire County,MA,Tyringham
Upton,Worcester County,MA,Upton
Uxbridge,Worcester County,MA,Uxbridge
Wakefield,Middlesex County,MA,Wakefield
Wales,Hampden County,MA,Wales
Walpole,Norfolk County,MA,Walpole
Waltham,Middlesex County,MA,Waltham
Ware,Hampshire County,MA,Ware
Wareham,Plymouth County,MA,Wareham
Warren,Worcester County,MA,Warren
Warwick,Franklin County,MA,Warwick
Washington,Berkshire County,MA,Washington
Watertown,Middlesex County,MA,Watertown
Wayland,Middlesex County,MA,Wayland
Webster,Worcester County,MA,Webster
Wellesley,Norfolk County,MA,Wellesley
Wellfleet,Barnstable County,MA,Wellfleet
Wendell,Franklin County,MA,Wendell
Wenham,Essex County,MA,Wenham
West Boylston,Worcester County,MA,West Boylston
West Bridgewater,Plymouth County,MA,West Bridgewater
West Brookfield,Worcester County,MA,West Brookfield
West Newbury,Essex County,MA,West Newbury
West Springfield,Hampden County,MA,West Springfield
West Stockbridge,Berkshire County,MA,West Stockbridge
West Tisbury,Dukes County,MA,West Tisbury
Westborough,Worcester County,MA,Westborough
Westfield,Hampden County,MA,Westfield
Westford,Middlesex County,MA,Westford
Westhampton,Hampshire County,MA,Westhampton
Westminster,Worcester County,MA,Westminster
Weston,Middlesex County,MA,Weston
Westport,Bristol County,MA,Westport
Westwood,Norfolk County,MA,Westwood
Weymouth,Norfolk County,MA,Weymouth
Whately,Franklin County,MA,Whately
Whitman,Plymouth County,MA,Whitman
Wilbraham,Hampden County,MA,Wilbraham
Williamsburg,Hampshire County,MA,Williamsburg
Williamstown,Berkshire County,MA,Williamstown
Wilmington,Middlesex County,MA,Wilmington
Winchendon,Worcester County,MA,Winchendon
Winchester,Middlesex County,MA,Winchester
Windsor,Berkshire County,MA,Windsor
Winthrop,Suffolk County,MA,Winthrop
Woburn,Middlesex County,MA,Woburn
Worcester,Worcester County,MA,Worcester
Worthington,Hampshire County,MA,Worthington
Wrentham,Norfolk County,MA,Wrentham
Yarmouth,Barnstable County,MA,Yarmouth