"Area_Name","Year2000","Year2010","Year_2000","Year_2010","Area_Name2","Year2000_per1000","Year2010_per1000"
"Abington town","14,605"," 15,985 ","14605"," 15985 ","Abington",14.605,15.985
"Acton town","20,331"," 21,924 ","20331"," 21924 ","Acton",20.331,21.924
"Acushnet town","10,161"," 10,303 ","10161"," 10303 ","Acushnet",10.161,10.303
"Adams town","8,809"," 8,485 ","8809"," 8485 ","Adams",8.809,8.485
"Agawam Town city","28,143"," 28,438 ","28143"," 28438 ","Agawam",28.143,28.438
"Alford town","399"," 494 ","399"," 494 ","Alford",0.399,0.494
"Amesbury Town city","16,452"," 16,283 ","16452"," 16283 ","Amesbury",16.452,16.283
"Amherst town","34,874"," 37,819 ","34874"," 37819 ","Amherst",34.874,37.819
"Andover town","31,974"," 33,201 ","31974"," 33201 ","Andover",31.974,33.201
"Aquinnah town","344"," 311 ","344"," 311 ","Aquinnah",0.344,0.311
"Arlington town","42,389"," 42,844 ","42389"," 42844 ","Arlington",42.389,42.844
"Ashburnham town","5,546"," 6,081 ","5546"," 6081 ","Ashburnham",5.546,6.081
"Ashby town","2,845"," 3,074 ","2845"," 3074 ","Ashby",2.845,3.074
"Ashfield town","1,800"," 1,737 ","1800"," 1737 ","Ashfield",1.8,1.737
"Ashland town","14,674"," 16,593 ","14674"," 16593 ","Ashland",14.674,16.593
"Athol town","11,297"," 11,584 ","11297"," 11584 ","Athol",11.297,11.584
"Attleboro city","42,068"," 43,593 ","42068"," 43593 ","Attleboro",42.068,43.593
"Auburn town","15,901"," 16,188 ","15901"," 16188 ","Auburn",15.901,16.188
"Avon town","4,443"," 4,356 ","4443"," 4356 ","Avon",4.443,4.356
"Ayer town","7,287"," 7,427 ","7287"," 7427 ","Ayer",7.287,7.427
"Barnstable Town city","47,821"," 45,193 ","47821"," 45193 ","Barnstable",47.821,45.193
"Barnstable County"," 222,232 "," 215,888 "," 222232 "," 215888 ","Barnstable County",222.232,215.888
"Barre town","5,113"," 5,398 ","5113"," 5398 ","Barre",5.113,5.398
"Becket town","1,755"," 1,779 ","1755"," 1779 ","Becket",1.755,1.779
"Bedford town","12,595"," 13,320 ","12595"," 13320 ","Bedford",12.595,13.32
"Belchertown town","12,968"," 14,649 ","12968"," 14649 ","Belchertown",12.968,14.649
"Bellingham town","15,314"," 16,332 ","15314"," 16332 ","Bellingham",15.314,16.332
"Belmont town","24,194"," 24,729 ","24194"," 24729 ","Belmont",24.194,24.729
"Berkley town","5,749"," 6,411 ","5749"," 6411 ","Berkley",5.749,6.411
"Berkshire County"," 134,953 "," 131,219 "," 134953 "," 131219 ","Berkshire County",134.953,131.219
"Berlin town","2,380"," 2,866 ","2380"," 2866 ","Berlin",2.38,2.866
"Bernardston town","2,155"," 2,129 ","2155"," 2129 ","Bernardston",2.155,2.129
"Beverly city","39,862"," 39,502 ","39862"," 39502 ","Beverly",39.862,39.502
"Billerica town","38,981"," 40,243 ","38981"," 40243 ","Billerica",38.981,40.243
"Blackstone town","8,886"," 9,026 ","8886"," 9026 ","Blackstone",8.886,9.026
"Blandford town","1,214"," 1,233 ","1214"," 1233 ","Blandford",1.214,1.233
"Bolton town","4,148"," 4,897 ","4148"," 4897 ","Bolton",4.148,4.897
"Boston city","589,143"," 617,594 ","589143"," 617594 ","Boston",589.143,617.594
"Bourne town","18,721"," 19,754 ","18721"," 19754 ","Bourne",18.721,19.754
"Boxborough town","4,868"," 4,996 ","4868"," 4996 ","Boxborough",4.868,4.996
"Boxford town","7,921"," 7,965 ","7921"," 7965 ","Boxford",7.921,7.965
"Boylston town","4,008"," 4,355 ","4008"," 4355 ","Boylston",4.008,4.355
"Braintree Town city","33,828"," 35,744 ","33828"," 35744 ","Braintree",33.828,35.744
"Brewster town","10,098"," 9,820 ","10098"," 9820 ","Brewster",10.098,9.82
"Bridgewater town","25,185"," 26,563 ","25185"," 26563 ","Bridgewater",25.185,26.563
"Brimfield town","3,339"," 3,609 ","3339"," 3609 ","Brimfield",3.339,3.609
"Bristol County"," 534,678 "," 548,285 "," 534678 "," 548285 ","Bristol County",534.678,548.285
"Brockton city","94,304"," 93,810 ","94304"," 93810 ","Brockton",94.304,93.81
"Brookfield town","3,051"," 3,390 ","3051"," 3390 ","Brookfield",3.051,3.39
"Brookline town","57,105"," 58,732 ","57105"," 58732 ","Brookline",57.105,58.732
"Buckland town","1,991"," 1,902 ","1991"," 1902 ","Buckland",1.991,1.902
"Burlington town","22,876"," 24,498 ","22876"," 24498 ","Burlington",22.876,24.498
"Cambridge city","101,355"," 105,162 ","101355"," 105162 ","Cambridge",101.355,105.162
"Canton town","20,775"," 21,561 ","20775"," 21561 ","Canton",20.775,21.561
"Carlisle town","4,717"," 4,852 ","4717"," 4852 ","Carlisle",4.717,4.852
"Carver town","11,163"," 11,509 ","11163"," 11509 ","Carver",11.163,11.509
"Charlemont town","1,358"," 1,266 ","1358"," 1266 ","Charlemont",1.358,1.266
"Charlton town","11,263"," 12,981 ","11263"," 12981 ","Charlton",11.263,12.981
"Chatham town","6,627"," 6,125 ","6627"," 6125 ","Chatham",6.627,6.125
"Chelmsford town","33,619"," 33,802 ","33619"," 33802 ","Chelmsford",33.619,33.802
"Chelsea city","35,080"," 35,177 ","35080"," 35177 ","Chelsea",35.08,35.177
"Cheshire town","3,401"," 3,235 ","3401"," 3235 ","Cheshire",3.401,3.235
"Chester town","1,308"," 1,337 ","1308"," 1337 ","Chester",1.308,1.337
"Chesterfield town","1,201"," 1,222 ","1201"," 1222 ","Chesterfield",1.201,1.222
"Chicopee city","54,653"," 55,298 ","54653"," 55298 ","Chicopee",54.653,55.298
"Chilmark town","843"," 866 ","843"," 866 ","Chilmark",0.843,0.866
"Clarksburg town","1,686"," 1,702 ","1686"," 1702 ","Clarksburg",1.686,1.702
"Clinton town","13,435"," 13,606 ","13435"," 13606 ","Clinton",13.435,13.606
"Cohasset town","7,261"," 7,542 ","7261"," 7542 ","Cohasset",7.261,7.542
"Colrain town","1,813"," 1,671 ","1813"," 1671 ","Colrain",1.813,1.671
"Concord town","16,993"," 17,668 ","16993"," 17668 ","Concord",16.993,17.668
"Conway town","1,809"," 1,897 ","1809"," 1897 ","Conway",1.809,1.897
"Cummington town","978"," 872 ","978"," 872 ","Cummington",0.978,0.872
"Dalton town","6,892"," 6,756 ","6892"," 6756 ","Dalton",6.892,6.756
"Danvers town","24,996"," 26,493 ","24996"," 26493 ","Danvers",24.996,26.493
"Dartmouth town","30,666"," 34,032 ","30666"," 34032 ","Dartmouth",30.666,34.032
"Dedham town","23,464"," 24,729 ","23464"," 24729 ","Dedham",23.464,24.729
"Deerfield town","4,750"," 5,125 ","4750"," 5125 ","Deerfield",4.75,5.125
"Dennis town","15,973"," 14,207 ","15973"," 14207 ","Dennis",15.973,14.207
"Dighton town","6,175"," 7,086 ","6175"," 7086 ","Dighton",6.175,7.086
"Douglas town","7,045"," 8,471 ","7045"," 8471 ","Douglas",7.045,8.471
"Dover town","5,558"," 5,589 ","5558"," 5589 ","Dover",5.558,5.589
"Dracut town","28,562"," 29,457 ","28562"," 29457 ","Dracut",28.562,29.457
"Dudley town","10,036"," 11,390 ","10036"," 11390 ","Dudley",10.036,11.39
"Dukes County"," 14,987 "," 16,535 "," 14987 "," 16535 ","Dukes County",14.987,16.535
"Dunstable town","2,829"," 3,179 ","2829"," 3179 ","Dunstable",2.829,3.179
"Duxbury town","14,248"," 15,059 ","14248"," 15059 ","Duxbury",14.248,15.059
"East Bridgewater town","12,974"," 13,794 ","12974"," 13794 ","East Bridgewater",12.974,13.794
"East Brookfield town","2,097"," 2,183 ","2097"," 2183 ","East Brookfield",2.097,2.183
"East Longmeadow town","14,100"," 15,720 ","14100"," 15720 ","East Longmeadow",14.1,15.72
"Eastham town","5,453"," 4,956 ","5453"," 4956 ","Eastham",5.453,4.956
"Easthampton Town city","15,994"," 16,053 ","15994"," 16053 ","Easthampton",15.994,16.053
"Easton town","22,299"," 23,112 ","22299"," 23112 ","Easton",22.299,23.112
"Edgartown town","3,779"," 4,067 ","3779"," 4067 ","Edgartown",3.779,4.067
"Egremont town","1,345"," 1,225 ","1345"," 1225 ","Egremont",1.345,1.225
"Erving town","1,467"," 1,800 ","1467"," 1800 ","Erving",1.467,1.8
"Essex town","3,267"," 3,504 ","3267"," 3504 ","Essex",3.267,3.504
"Essex County"," 723,421 "," 743,159 "," 723421 "," 743159 ","Essex County",723.421,743.159
"Everett city","38,037"," 41,667 ","38037"," 41667 ","Everett",38.037,41.667
"Fairhaven town","16,159"," 15,873 ","16159"," 15873 ","Fairhaven",16.159,15.873
"Fall River city","91,938"," 88,857 ","91938"," 88857 ","Fall River",91.938,88.857
"Falmouth town","32,660"," 31,531 ","32660"," 31531 ","Falmouth",32.66,31.531
"Fitchburg city","39,102"," 40,318 ","39102"," 40318 ","Fitchburg",39.102,40.318
"Florida town","676"," 752 ","676"," 752 ","Florida",0.676,0.752
"Foxborough town","16,246"," 16,865 ","16246"," 16865 ","Foxborough",16.246,16.865
"Framingham town","66,910"," 68,318 ","66910"," 68318 ","Framingham",66.91,68.318
"Franklin Town city","29,560"," 31,635 ","29560"," 31635 ","Franklin",29.56,31.635
"Franklin County"," 71,535 "," 71,372 "," 71535 "," 71372 ","Franklin County",71.535,71.372
"Freetown town","8,472"," 8,870 ","8472"," 8870 ","Freetown",8.472,8.87
"Gardner city","20,770"," 20,228 ","20770"," 20228 ","Gardner",20.77,20.228
"Georgetown town","7,377"," 8,183 ","7377"," 8183 ","Georgetown",7.377,8.183
"Gill town","1,363"," 1,500 ","1363"," 1500 ","Gill",1.363,1.5
"Gloucester city","30,273"," 28,789 ","30273"," 28789 ","Gloucester",30.273,28.789
"Goshen town","921"," 1,054 ","921"," 1054 ","Goshen",0.921,1.054
"Gosnold town","86"," 75 ","86"," 75 ","Gosnold",0.086,0.075
"Grafton town","14,894"," 17,765 ","14894"," 17765 ","Grafton",14.894,17.765
"Granby town","6,132"," 6,240 ","6132"," 6240 ","Granby",6.132,6.24
"Granville town","1,523"," 1,566 ","1523"," 1566 ","Granville",1.523,1.566
"Great Barrington town","7,525"," 7,104 ","7525"," 7104 ","Great Barrington",7.525,7.104
"Greenfield Town city","18,168"," 17,456 ","18168"," 17456 ","Greenfield",18.168,17.456
"Groton town","9,559"," 10,646 ","9559"," 10646 ","Groton",9.559,10.646
"Groveland town","6,038"," 6,459 ","6038"," 6459 ","Groveland",6.038,6.459
"Hadley town","4,793"," 5,250 ","4793"," 5250 ","Hadley",4.793,5.25
"Halifax town","7,500"," 7,518 ","7500"," 7518 ","Halifax",7.5,7.518
"Hamilton town","8,315"," 7,764 ","8315"," 7764 ","Hamilton",8.315,7.764
"Hampden town","5,171"," 5,139 ","5171"," 5139 ","Hampden",5.171,5.139
"Hampden County"," 456,226 "," 463,490 "," 456226 "," 463490 ","Hampden County",456.226,463.49
"Hampshire County"," 152,255 "," 158,080 "," 152255 "," 158080 ","Hampshire County",152.255,158.08
"Hancock town","719"," 717 ","719"," 717 ","Hancock",0.719,0.717
"Hanover town","13,164"," 13,879 ","13164"," 13879 ","Hanover",13.164,13.879
"Hanson town","9,495"," 10,209 ","9495"," 10209 ","Hanson",9.495,10.209
"Hardwick town","2,622"," 2,990 ","2622"," 2990 ","Hardwick",2.622,2.99
"Harvard town","5,981"," 6,520 ","5981"," 6520 ","Harvard",5.981,6.52
"Harwich town","12,384"," 12,243 ","12384"," 12243 ","Harwich",12.384,12.243
"Hatfield town","3,248"," 3,279 ","3248"," 3279 ","Hatfield",3.248,3.279
"Haverhill city","58,969"," 60,879 ","58969"," 60879 ","Haverhill",58.969,60.879
"Hawley town","336"," 337 ","336"," 337 ","Hawley",0.336,0.337
"Heath town","805"," 706 ","805"," 706 ","Heath",0.805,0.706
"Hingham town","19,882"," 22,157 ","19882"," 22157 ","Hingham",19.882,22.157
"Hinsdale town","1,872"," 2,032 ","1872"," 2032 ","Hinsdale",1.872,2.032
"Holbrook town","10,785"," 10,791 ","10785"," 10791 ","Holbrook",10.785,10.791
"Holden town","15,621"," 17,346 ","15621"," 17346 ","Holden",15.621,17.346
"Holland town","2,407"," 2,481 ","2407"," 2481 ","Holland",2.407,2.481
"Holliston town","13,801"," 13,547 ","13801"," 13547 ","Holliston",13.801,13.547
"Holyoke city","39,838"," 39,880 ","39838"," 39880 ","Holyoke",39.838,39.88
"Hopedale town","5,907"," 5,911 ","5907"," 5911 ","Hopedale",5.907,5.911
"Hopkinton town","13,346"," 14,925 ","13346"," 14925 ","Hopkinton",13.346,14.925
"Hubbardston town","3,909"," 4,382 ","3909"," 4382 ","Hubbardston",3.909,4.382
"Hudson town","18,113"," 19,063 ","18113"," 19063 ","Hudson",18.113,19.063
"Hull town","11,050"," 10,293 ","11050"," 10293 ","Hull",11.05,10.293
"Huntington town","2,174"," 2,180 ","2174"," 2180 ","Huntington",2.174,2.18
"Ipswich town","12,987"," 13,175 ","12987"," 13175 ","Ipswich",12.987,13.175
"Kingston town","11,780"," 12,629 ","11780"," 12629 ","Kingston",11.78,12.629
"Lakeville town","9,821"," 10,602 ","9821"," 10602 ","Lakeville",9.821,10.602
"Lancaster town","6,382"," 8,055 ","6382"," 8055 ","Lancaster",6.382,8.055
"Lanesborough town","2,996"," 3,091 ","2996"," 3091 ","Lanesborough",2.996,3.091
"Lawrence city","72,043"," 76,377 ","72043"," 76377 ","Lawrence",72.043,76.377
"Lee town","5,989"," 5,943 ","5989"," 5943 ","Lee",5.989,5.943
"Leicester town","10,471"," 10,970 ","10471"," 10970 ","Leicester",10.471,10.97
"Lenox town","5,077"," 5,025 ","5077"," 5025 ","Lenox",5.077,5.025
"Leominster city","41,303"," 40,759 ","41303"," 40759 ","Leominster",41.303,40.759
"Leverett town","1,698"," 1,851 ","1698"," 1851 ","Leverett",1.698,1.851
"Lexington town","30,355"," 31,394 ","30355"," 31394 ","Lexington",30.355,31.394
"Leyden town","772"," 711 ","772"," 711 ","Leyden",0.772,0.711
"Lincoln town","8,056"," 6,362 ","8056"," 6362 ","Lincoln",8.056,6.362
"Littleton town","8,184"," 8,924 ","8184"," 8924 ","Littleton",8.184,8.924
"Longmeadow town","15,633"," 15,784 ","15633"," 15784 ","Longmeadow",15.633,15.784
"Lowell city","105,167"," 106,519 ","105167"," 106519 ","Lowell",105.167,106.519
"Ludlow town","21,209"," 21,103 ","21209"," 21103 ","Ludlow",21.209,21.103
"Lunenburg town","9,401"," 10,086 ","9401"," 10086 ","Lunenburg",9.401,10.086
"Lynn city","89,050"," 90,329 ","89050"," 90329 ","Lynn",89.05,90.329
"Lynnfield town","11,542"," 11,596 ","11542"," 11596 ","Lynnfield",11.542,11.596
"Massachusetts"," 6,349,113 "," 6,547,629 "," 6349113 "," 6547629 ","MA",6349.113,6547.629
"Malden city","56,345"," 59,450 ","56345"," 59450 ","Malden",56.345,59.45
"Manchester-by-the-Sea town","5,228"," 5,136 ","5228"," 5136 ","Manchester-by-the-Sea",5.228,5.136
"Mansfield town","22,414"," 23,184 ","22414"," 23184 ","Mansfield",22.414,23.184
"Marblehead town","20,377"," 19,808 ","20377"," 19808 ","Marblehead",20.377,19.808
"Marion town","5,123"," 4,907 ","5123"," 4907 ","Marion",5.123,4.907
"Marlborough city","36,255"," 38,499 ","36255"," 38499 ","Marlborough",36.255,38.499
"Marshfield town","24,324"," 25,132 ","24324"," 25132 ","Marshfield",24.324,25.132
"Mashpee town","12,946"," 14,006 ","12946"," 14006 ","Mashpee",12.946,14.006
"Mattapoisett town","6,268"," 6,045 ","6268"," 6045 ","Mattapoisett",6.268,6.045
"Maynard town","10,433"," 10,106 ","10433"," 10106 ","Maynard",10.433,10.106
"Medfield town","12,273"," 12,024 ","12273"," 12024 ","Medfield",12.273,12.024
"Medford city*","55,638"," 56,173 ","55638"," 56173 ","Medford*",55.638,56.173
"Medway town","12,448"," 12,752 ","12448"," 12752 ","Medway",12.448,12.752
"Melrose city","27,134"," 26,983 ","27134"," 26983 ","Melrose",27.134,26.983
"Mendon town","5,302"," 5,839 ","5302"," 5839 ","Mendon",5.302,5.839
"Merrimac town","6,138"," 6,338 ","6138"," 6338 ","Merrimac",6.138,6.338
"Methuen Town city","43,789"," 47,255 ","43789"," 47255 ","Methuen",43.789,47.255
"Middleborough town","19,941"," 23,116 ","19941"," 23116 ","Middleborough",19.941,23.116
"Middlefield town","542"," 521 ","542"," 521 ","Middlefield",0.542,0.521
"Middlesex County"," 1,466,396 "," 1,503,085 "," 1466396 "," 1503085 ","Middlesex County",1466.396,1503.085
"Middleton town","7,744"," 8,987 ","7744"," 8987 ","Middleton",7.744,8.987
"Milford town","26,720"," 27,999 ","26720"," 27999 ","Milford",26.72,27.999
"Millbury town","12,784"," 13,261 ","12784"," 13261 ","Millbury",12.784,13.261
"Millis town","7,902"," 7,891 ","7902"," 7891 ","Millis",7.902,7.891
"Millville town","2,642"," 3,190 ","2642"," 3190 ","Millville",2.642,3.19
"Milton town","26,062"," 27,003 ","26062"," 27003 ","Milton",26.062,27.003
"Monroe town","93"," 121 ","93"," 121 ","Monroe",0.093,0.121
"Monson town","8,359"," 8,560 ","8359"," 8560 ","Monson",8.359,8.56
"Montague town","8,468"," 8,437 ","8468"," 8437 ","Montague",8.468,8.437
"Monterey town","936"," 961 ","936"," 961 ","Monterey",0.936,0.961
"Montgomery town","654"," 838 ","654"," 838 ","Montgomery",0.654,0.838
"Mount Washington town","130"," 167 ","130"," 167 ","Mount Washington",0.13,0.167
"Nahant town","3,632"," 3,410 ","3632"," 3410 ","Nahant",3.632,3.41
"Nantucket town","9,520"," 10,172 ","9520"," 10172 ","Nantucket",9.52,10.172
"Nantucket County"," 9,520 "," 10,172 "," 9520 "," 10172 ","Nantucket County",9.52,10.172
"Natick town","32,170"," 33,006 ","32170"," 33006 ","Natick",32.17,33.006
"Needham town","28,478"," 28,886 ","28478"," 28886 ","Needham",28.478,28.886
"New Ashford town","247"," 228 ","247"," 228 ","New Ashford",0.247,0.228
"New Bedford city","93,768"," 95,072 ","93768"," 95072 ","New Bedford",93.768,95.072
"New Braintree town","927"," 999 ","927"," 999 ","New Braintree",0.927,0.999
"New Marlborough town","1,494"," 1,509 ","1494"," 1509 ","New Marlborough",1.494,1.509
"New Salem town","929"," 990 ","929"," 990 ","New Salem",0.929,0.99
"Newbury town","6,717"," 6,666 ","6717"," 6666 ","Newbury",6.717,6.666
"Newburyport city","17,189"," 17,416 ","17189"," 17416 ","Newburyport",17.189,17.416
"Newton city","83,831"," 85,146 ","83831"," 85146 ","Newton",83.831,85.146
"Norfolk town","10,460"," 11,227 ","10460"," 11227 ","Norfolk",10.46,11.227
"Norfolk County"," 650,306 "," 670,850 "," 650306 "," 670850 ","Norfolk County",650.306,670.85
"North Adams city","14,681"," 13,708 ","14681"," 13708 ","North Adams",14.681,13.708
"North Andover town","26,475"," 28,352 ","26475"," 28352 ","North Andover",26.475,28.352
"North Attleborough town","27,143"," 28,712 ","27143"," 28712 ","North Attleborough",27.143,28.712
"North Brookfield town","4,683"," 4,680 ","4683"," 4680 ","North Brookfield",4.683,4.68
"North Reading town","13,837"," 14,892 ","13837"," 14892 ","North Reading",13.837,14.892
"Northampton city","28,978"," 28,549 ","28978"," 28549 ","Northampton",28.978,28.549
"Northborough town","14,013"," 14,155 ","14013"," 14155 ","Northborough",14.013,14.155
"Northbridge town","13,182"," 15,707 ","13182"," 15707 ","Northbridge",13.182,15.707
"Northfield town","2,951"," 3,032 ","2951"," 3032 ","Northfield",2.951,3.032
"Norton town","18,036"," 19,031 ","18036"," 19031 ","Norton",18.036,19.031
"Norwell town","9,765"," 10,506 ","9765"," 10506 ","Norwell",9.765,10.506
"Norwood town","28,587"," 28,602 ","28587"," 28602 ","Norwood",28.587,28.602
"Oak Bluffs town","3,713"," 4,527 ","3713"," 4527 ","Oak Bluffs",3.713,4.527
"Oakham town","1,673"," 1,902 ","1673"," 1902 ","Oakham",1.673,1.902
"Orange town","7,518"," 7,839 ","7518"," 7839 ","Orange",7.518,7.839
"Orleans town","6,341"," 5,890 ","6341"," 5890 ","Orleans",6.341,5.89
"Otis town","1,365"," 1,612 ","1365"," 1612 ","Otis",1.365,1.612
"Oxford town","13,352"," 13,709 ","13352"," 13709 ","Oxford",13.352,13.709
"Palmer Town city","12,497"," 12,140 ","12497"," 12140 ","Palmer",12.497,12.14
"Paxton town","4,386"," 4,806 ","4386"," 4806 ","Paxton",4.386,4.806
"Peabody city","48,129"," 51,251 ","48129"," 51251 ","Peabody",48.129,51.251
"Pelham town","1,403"," 1,321 ","1403"," 1321 ","Pelham",1.403,1.321
"Pembroke town","16,927"," 17,837 ","16927"," 17837 ","Pembroke",16.927,17.837
"Pepperell town","11,130"," 11,497 ","11130"," 11497 ","Pepperell",11.13,11.497
"Peru town","821"," 847 ","821"," 847 ","Peru",0.821,0.847
"Petersham town","1,180"," 1,234 ","1180"," 1234 ","Petersham",1.18,1.234
"Phillipston town","1,623"," 1,682 ","1623"," 1682 ","Phillipston",1.623,1.682
"Pittsfield city","45,789"," 44,737 ","45789"," 44737 ","Pittsfield",45.789,44.737
"Plainfield town","589"," 648 ","589"," 648 ","Plainfield",0.589,0.648
"Plainville town","7,683"," 8,264 ","7683"," 8264 ","Plainville",7.683,8.264
"Plymouth town","51,701"," 56,468 ","51701"," 56468 ","Plymouth",51.701,56.468
"Plymouth County"," 472,822 "," 494,919 "," 472822 "," 494919 ","Plymouth County",472.822,494.919
"Plympton town","2,637"," 2,820 ","2637"," 2820 ","Plympton",2.637,2.82
"Princeton town","3,353"," 3,413 ","3353"," 3413 ","Princeton",3.353,3.413
"Provincetown town","3,431"," 2,942 ","3431"," 2942 ","Provincetown",3.431,2.942
"Quincy city","88,025"," 92,271 ","88025"," 92271 ","Quincy",88.025,92.271
"Randolph town","30,963"," 32,112 ","30963"," 32112 ","Randolph",30.963,32.112
"Raynham town","11,739"," 13,383 ","11739"," 13383 ","Raynham",11.739,13.383
"Reading town","23,709"," 24,747 ","23709"," 24747 ","Reading",23.709,24.747
"Rehoboth town","10,172"," 11,608 ","10172"," 11608 ","Rehoboth",10.172,11.608
"Revere city","47,283"," 51,755 ","47283"," 51755 ","Revere",47.283,51.755
"Richmond town","1,604"," 1,475 ","1604"," 1475 ","Richmond",1.604,1.475
"Rochester town","4,581"," 5,232 ","4581"," 5232 ","Rochester",4.581,5.232
"Rockland town","17,670"," 17,489 ","17670"," 17489 ","Rockland",17.67,17.489
"Rockport town","7,767"," 6,952 ","7767"," 6952 ","Rockport",7.767,6.952
"Rowe town","351"," 393 ","351"," 393 ","Rowe",0.351,0.393
"Rowley town","5,500"," 5,856 ","5500"," 5856 ","Rowley",5.5,5.856
"Royalston town","1,254"," 1,258 ","1254"," 1258 ","Royalston",1.254,1.258
"Russell town","1,657"," 1,775 ","1657"," 1775 ","Russell",1.657,1.775
"Rutland town","6,353"," 7,973 ","6353"," 7973 ","Rutland",6.353,7.973
"Salem city","40,407"," 41,340 ","40407"," 41340 ","Salem",40.407,41.34
"Salisbury town","7,827"," 8,283 ","7827"," 8283 ","Salisbury",7.827,8.283
"Sandisfield town","824"," 915 ","824"," 915 ","Sandisfield",0.824,0.915
"Sandwich town","20,136"," 20,675 ","20136"," 20675 ","Sandwich",20.136,20.675
"Saugus town","26,078"," 26,628 ","26078"," 26628 ","Saugus",26.078,26.628
"Savoy town","705"," 692 ","705"," 692 ","Savoy",0.705,0.692
"Scituate town","17,863"," 18,133 ","17863"," 18133 ","Scituate",17.863,18.133
"Seekonk town","13,425"," 13,722 ","13425"," 13722 ","Seekonk",13.425,13.722
"Sharon town","17,408"," 17,612 ","17408"," 17612 ","Sharon",17.408,17.612
"Sheffield town","3,335"," 3,257 ","3335"," 3257 ","Sheffield",3.335,3.257
"Shelburne town","2,058"," 1,893 ","2058"," 1893 ","Shelburne",2.058,1.893
"Sherborn town","4,200"," 4,119 ","4200"," 4119 ","Sherborn",4.2,4.119
"Shirley town","7,616"," 7,211 ","7616"," 7211 ","Shirley",7.616,7.211
"Shrewsbury town","31,640"," 35,608 ","31640"," 35608 ","Shrewsbury",31.64,35.608
"Shutesbury town","1,806"," 1,771 ","1806"," 1771 ","Shutesbury",1.806,1.771
"Somerset town","18,234"," 18,165 ","18234"," 18165 ","Somerset",18.234,18.165
"Somerville city*","77,600"," 75,754 ","77600"," 75754 ","Somerville*",77.6,75.754
"South Hadley town","17,200"," 17,514 ","17200"," 17514 ","South Hadley",17.2,17.514
"Southampton town","5,387"," 5,792 ","5387"," 5792 ","Southampton",5.387,5.792
"Southborough town","8,781"," 9,767 ","8781"," 9767 ","Southborough",8.781,9.767
"Southbridge Town city","17,214"," 16,719 ","17214"," 16719 ","Southbridge",17.214,16.719
"Southwick town","8,835"," 9,502 ","8835"," 9502 ","Southwick",8.835,9.502
"Spencer town","11,691"," 11,688 ","11691"," 11688 ","Spencer",11.691,11.688
"Springfield city","152,080"," 153,060 ","152080"," 153060 ","Springfield",152.08,153.06
"Sterling town","7,257"," 7,808 ","7257"," 7808 ","Sterling",7.257,7.808
"Stockbridge town","2,276"," 1,947 ","2276"," 1947 ","Stockbridge",2.276,1.947
"Stoneham town*","22,219"," 21,437 ","22219"," 21437 ","Stoneham*",22.219,21.437
"Stoughton town","27,149"," 26,962 ","27149"," 26962 ","Stoughton",27.149,26.962
"Stow town","5,902"," 6,590 ","5902"," 6590 ","Stow",5.902,6.59
"Sturbridge town","7,837"," 9,268 ","7837"," 9268 ","Sturbridge",7.837,9.268
"Sudbury town","16,841"," 17,659 ","16841"," 17659 ","Sudbury",16.841,17.659
"Suffolk County"," 689,809 "," 722,023 "," 689809 "," 722023 ","Suffolk County",689.809,722.023
"Sunderland town","3,777"," 3,684 ","3777"," 3684 ","Sunderland",3.777,3.684
"Sutton town","8,250"," 8,963 ","8250"," 8963 ","Sutton",8.25,8.963
"Swampscott town","14,412"," 13,787 ","14412"," 13787 ","Swampscott",14.412,13.787
"Swansea town","15,901"," 15,865 ","15901"," 15865 ","Swansea",15.901,15.865
"Taunton city","55,976"," 55,874 ","55976"," 55874 ","Taunton",55.976,55.874
"Templeton town","6,799"," 8,013 ","6799"," 8013 ","Templeton",6.799,8.013
"Tewksbury town","28,851"," 28,961 ","28851"," 28961 ","Tewksbury",28.851,28.961
"Tisbury town","3,755"," 3,949 ","3755"," 3949 ","Tisbury",3.755,3.949
"Tolland town","424"," 485 ","424"," 485 ","Tolland",0.424,0.485
"Topsfield town","6,141"," 6,085 ","6141"," 6085 ","Topsfield",6.141,6.085
"Townsend town","9,198"," 8,926 ","9198"," 8926 ","Townsend",9.198,8.926
"Truro town","2,085"," 2,003 ","2085"," 2003 ","Truro",2.085,2.003
"Tyngsborough town","11,081"," 11,292 ","11081"," 11292 ","Tyngsborough",11.081,11.292
"Tyringham town","346"," 327 ","346"," 327 ","Tyringham",0.346,0.327
"Upton town","5,713"," 7,542 ","5713"," 7542 ","Upton",5.713,7.542
"Uxbridge town","11,156"," 13,457 ","11156"," 13457 ","Uxbridge",11.156,13.457
"Wakefield town*","24,804"," 24,932 ","24804"," 24932 ","Wakefield*",24.804,24.932
"Wales town","1,737"," 1,838 ","1737"," 1838 ","Wales",1.737,1.838
"Walpole town","22,824"," 24,070 ","22824"," 24070 ","Walpole",22.824,24.07
"Waltham city","59,226"," 60,632 ","59226"," 60632 ","Waltham",59.226,60.632
"Ware town","9,708"," 9,872 ","9708"," 9872 ","Ware",9.708,9.872
"Wareham town","20,335"," 21,822 ","20335"," 21822 ","Wareham",20.335,21.822
"Warren town","4,776"," 5,135 ","4776"," 5135 ","Warren",4.776,5.135
"Warwick town","750"," 780 ","750"," 780 ","Warwick",0.75,0.78
"Washington town","544"," 538 ","544"," 538 ","Washington",0.544,0.538
"Watertown Town city","32,986"," 31,915 ","32986"," 31915 ","Watertown",32.986,31.915
"Wayland town","13,100"," 12,994 ","13100"," 12994 ","Wayland",13.1,12.994
"Webster town","16,415"," 16,767 ","16415"," 16767 ","Webster",16.415,16.767
"Wellesley town","27,046"," 27,982 ","27046"," 27982 ","Wellesley",27.046,27.982
"Wellfleet town","2,749"," 2,750 ","2749"," 2750 ","Wellfleet",2.749,2.75
"Wendell town","986"," 848 ","986"," 848 ","Wendell",0.986,0.848
"Wenham town","4,656"," 4,875 ","4656"," 4875 ","Wenham",4.656,4.875
"West Boylston town","7,481"," 7,669 ","7481"," 7669 ","West Boylston",7.481,7.669
"West Bridgewater town","6,634"," 6,916 ","6634"," 6916 ","West Bridgewater",6.634,6.916
"West Brookfield town","3,804"," 3,701 ","3804"," 3701 ","West Brookfield",3.804,3.701
"West Newbury town","4,149"," 4,235 ","4149"," 4235 ","West Newbury",4.149,4.235
"West Springfield Town city","27,900"," 28,391 ","27900"," 28391 ","West Springfield",27.9,28.391
"West Stockbridge town","1,416"," 1,306 ","1416"," 1306 ","West Stockbridge",1.416,1.306
"West Tisbury town","2,467"," 2,740 ","2467"," 2740 ","West Tisbury",2.467,2.74
"Westborough town","17,997"," 18,272 ","17997"," 18272 ","Westborough",17.997,18.272
"Westfield city","40,072"," 41,094 ","40072"," 41094 ","Westfield",40.072,41.094
"Westford town","20,748"," 21,951 ","20748"," 21951 ","Westford",20.748,21.951
"Westhampton town","1,468"," 1,607 ","1468"," 1607 ","Westhampton",1.468,1.607
"Westminster town","6,907"," 7,277 ","6907"," 7277 ","Westminster",6.907,7.277
"Weston town","11,469"," 11,261 ","11469"," 11261 ","Weston",11.469,11.261
"Westport town","14,183"," 15,532 ","14183"," 15532 ","Westport",14.183,15.532
"Westwood town","14,117"," 14,618 ","14117"," 14618 ","Westwood",14.117,14.618
"Weymouth Town city","53,988"," 53,743 ","53988"," 53743 ","Weymouth",53.988,53.743
"Whately town","1,563"," 1,496 ","1563"," 1496 ","Whately",1.563,1.496
"Whitman town","13,882"," 14,489 ","13882"," 14489 ","Whitman",13.882,14.489
"Wilbraham town","13,473"," 14,219 ","13473"," 14219 ","Wilbraham",13.473,14.219
"Williamsburg town","2,427"," 2,482 ","2427"," 2482 ","Williamsburg",2.427,2.482
"Williamstown town","8,424"," 7,754 ","8424"," 7754 ","Williamstown",8.424,7.754
"Wilmington town","21,363"," 22,325 ","21363"," 22325 ","Wilmington",21.363,22.325
"Winchendon town","9,611"," 10,300 ","9611"," 10300 ","Winchendon",9.611,10.3
"Winchester town","20,810"," 21,374 ","20810"," 21374 ","Winchester",20.81,21.374
"Windsor town","875"," 899 ","875"," 899 ","Windsor",0.875,0.899
"Winthrop Town city","18,303"," 17,497 ","18303"," 17497 ","Winthrop",18.303,17.497
"Woburn city","37,257"," 38,120 ","37257"," 38120 ","Woburn",37.257,38.12
"Worcester city","172,648"," 181,045 ","172648"," 181045 ","Worcester",172.648,181.045
"Worcester County"," 749,973 "," 798,552 "," 749973 "," 798552 ","Worcester County",749.973,798.552
"Worthington town","1,270"," 1,156 ","1270"," 1156 ","Worthington",1.27,1.156
"Wrentham town","10,554"," 10,955 ","10554"," 10955 ","Wrentham",10.554,10.955
"Yarmouth town","24,807"," 23,793 ","24807"," 23793 ","Yarmouth",24.807,23.793
