GEO.id,GEO.id2,GEO.display-label,HD01_VD01,HD02_VD01
Id,Id2,Geography,Estimate; Median contract rent,Margin of Error; Median contract rent
0100000US,,United States,675,1
0400000US25,25,Massachusetts,849,4
0500000US25001,25001,"Barnstable County, Massachusetts",888,28
0500000US25003,25003,"Berkshire County, Massachusetts",574,23
0500000US25005,25005,"Bristol County, Massachusetts",631,9
0500000US25007,25007,"Dukes County, Massachusetts",971,148
0500000US25009,25009,"Essex County, Massachusetts",841,9
0500000US25011,25011,"Franklin County, Massachusetts",666,25
0500000US25013,25013,"Hampden County, Massachusetts",603,8
0500000US25015,25015,"Hampshire County, Massachusetts",725,27
0500000US25017,25017,"Middlesex County, Massachusetts",1057,10
0500000US25019,25019,"Nantucket County, Massachusetts",1472,316
0500000US25021,25021,"Norfolk County, Massachusetts",1084,18
0500000US25023,25023,"Plymouth County, Massachusetts",884,17
0500000US25025,25025,"Suffolk County, Massachusetts",1009,13
0500000US25027,25027,"Worcester County, Massachusetts",715,9
0600000US2500100000,2500100000,"County subdivisions not defined, Barnstable County, Massachusetts",-,**
0600000US2500103690,2500103690,"Barnstable Town city, Barnstable County, Massachusetts",920,44
0600000US2500107175,2500107175,"Bourne town, Barnstable County, Massachusetts",912,53
0600000US2500107980,2500107980,"Brewster town, Barnstable County, Massachusetts",881,74
0600000US2500112995,2500112995,"Chatham town, Barnstable County, Massachusetts",792,261
0600000US2500116775,2500116775,"Dennis town, Barnstable County, Massachusetts",839,52
0600000US2500119295,2500119295,"Eastham town, Barnstable County, Massachusetts",882,862
0600000US2500123105,2500123105,"Falmouth town, Barnstable County, Massachusetts",808,111
0600000US2500129020,2500129020,"Harwich town, Barnstable County, Massachusetts",739,131
0600000US2500139100,2500139100,"Mashpee town, Barnstable County, Massachusetts",902,296
0600000US2500151440,2500151440,"Orleans town, Barnstable County, Massachusetts",637,199
0600000US2500155500,2500155500,"Provincetown town, Barnstable County, Massachusetts",831,73
0600000US2500159735,2500159735,"Sandwich town, Barnstable County, Massachusetts",967,161
0600000US2500170605,2500170605,"Truro town, Barnstable County, Massachusetts",814,154
0600000US2500174385,2500174385,"Wellfleet town, Barnstable County, Massachusetts",1071,191
0600000US2500182525,2500182525,"Yarmouth town, Barnstable County, Massachusetts",977,55
0600000US2500300555,2500300555,"Adams town, Berkshire County, Massachusetts",434,36
0600000US2500300975,2500300975,"Alford town, Berkshire County, Massachusetts",775,125
0600000US2500304545,2500304545,"Becket town, Berkshire County, Massachusetts",788,756
0600000US2500313345,2500313345,"Cheshire town, Berkshire County, Massachusetts",710,50
0600000US2500314010,2500314010,"Clarksburg town, Berkshire County, Massachusetts",545,136
0600000US2500316180,2500316180,"Dalton town, Berkshire County, Massachusetts",548,86
0600000US2500321360,2500321360,"Egremont town, Berkshire County, Massachusetts",819,112
0600000US2500324120,2500324120,"Florida town, Berkshire County, Massachusetts",1038,1034
0600000US2500326815,2500326815,"Great Barrington town, Berkshire County, Massachusetts",649,55
0600000US2500328180,2500328180,"Hancock town, Berkshire County, Massachusetts",536,182
0600000US2500330315,2500330315,"Hinsdale town, Berkshire County, Massachusetts",500,92
0600000US2500334340,2500334340,"Lanesborough town, Berkshire County, Massachusetts",503,280
0600000US2500334655,2500334655,"Lee town, Berkshire County, Massachusetts",618,56
0600000US2500334970,2500334970,"Lenox town, Berkshire County, Massachusetts",733,242
0600000US2500342460,2500342460,"Monterey town, Berkshire County, Massachusetts",908,306
0600000US2500343300,2500343300,"Mount Washington town, Berkshire County, Massachusetts",1042,135
0600000US2500344385,2500344385,"New Ashford town, Berkshire County, Massachusetts",806,150
0600000US2500345420,2500345420,"New Marlborough town, Berkshire County, Massachusetts",785,183
0600000US2500346225,2500346225,"North Adams city, Berkshire County, Massachusetts",503,28
0600000US2500351580,2500351580,"Otis town, Berkshire County, Massachusetts",671,26
0600000US2500353050,2500353050,"Peru town, Berkshire County, Massachusetts",194,112
0600000US2500353960,2500353960,"Pittsfield city, Berkshire County, Massachusetts",559,29
0600000US2500356795,2500356795,"Richmond town, Berkshire County, Massachusetts",783,279
0600000US2500359665,2500359665,"Sandisfield town, Berkshire County, Massachusetts",663,39
0600000US2500360225,2500360225,"Savoy town, Berkshire County, Massachusetts",478,52
0600000US2500361065,2500361065,"Sheffield town, Berkshire County, Massachusetts",688,378
0600000US2500367595,2500367595,"Stockbridge town, Berkshire County, Massachusetts",777,146
0600000US2500371095,2500371095,"Tyringham town, Berkshire County, Massachusetts",660,389
0600000US2500373335,2500373335,"Washington town, Berkshire County, Massachusetts",-,**
0600000US2500377990,2500377990,"West Stockbridge town, Berkshire County, Massachusetts",766,403
0600000US2500379985,2500379985,"Williamstown town, Berkshire County, Massachusetts",645,103
0600000US2500380685,2500380685,"Windsor town, Berkshire County, Massachusetts",-,**
0600000US2500500000,2500500000,"County subdivisions not defined, Bristol County, Massachusetts",-,**
0600000US2500500520,2500500520,"Acushnet town, Bristol County, Massachusetts",667,281
0600000US2500502690,2500502690,"Attleboro city, Bristol County, Massachusetts",788,53
0600000US2500505280,2500505280,"Berkley town, Bristol County, Massachusetts",907,641
0600000US2500516425,2500516425,"Dartmouth town, Bristol County, Massachusetts",821,77
0600000US2500516950,2500516950,"Dighton town, Bristol County, Massachusetts",836,37
0600000US2500520100,2500520100,"Easton town, Bristol County, Massachusetts",934,74
0600000US2500522130,2500522130,"Fairhaven town, Bristol County, Massachusetts",706,77
0600000US2500523000,2500523000,"Fall River city, Bristol County, Massachusetts",526,12
0600000US2500525240,2500525240,"Freetown town, Bristol County, Massachusetts",1044,245
0600000US2500538225,2500538225,"Mansfield town, Bristol County, Massachusetts",963,123
0600000US2500545000,2500545000,"New Bedford city, Bristol County, Massachusetts",567,20
0600000US2500546575,2500546575,"North Attleborough town, Bristol County, Massachusetts",859,63
0600000US2500549970,2500549970,"Norton town, Bristol County, Massachusetts",835,151
0600000US2500556060,2500556060,"Raynham town, Bristol County, Massachusetts",1054,69
0600000US2500556375,2500556375,"Rehoboth town, Bristol County, Massachusetts",923,206
0600000US2500560645,2500560645,"Seekonk town, Bristol County, Massachusetts",851,52
0600000US2500562430,2500562430,"Somerset town, Bristol County, Massachusetts",723,38
0600000US2500568750,2500568750,"Swansea town, Bristol County, Massachusetts",685,102
0600000US2500569170,2500569170,"Taunton city, Bristol County, Massachusetts",771,26
0600000US2500577570,2500577570,"Westport town, Bristol County, Massachusetts",701,113
0600000US2500701585,2500701585,"Aquinnah town, Dukes County, Massachusetts",663,454
0600000US2500713800,2500713800,"Chilmark town, Dukes County, Massachusetts",980,643
0600000US2500721150,2500721150,"Edgartown town, Dukes County, Massachusetts",886,178
0600000US2500726325,2500726325,"Gosnold town, Dukes County, Massachusetts",-,**
0600000US2500750390,2500750390,"Oak Bluffs town, Dukes County, Massachusetts",985,451
0600000US2500769940,2500769940,"Tisbury town, Dukes County, Massachusetts",1302,690
0600000US2500778235,2500778235,"West Tisbury town, Dukes County, Massachusetts",1071,1699
0600000US2500900000,2500900000,"County subdivisions not defined, Essex County, Massachusetts",-,**
0600000US2500901185,2500901185,"Amesbury town, Essex County, Massachusetts",786,36
0600000US2500901465,2500901465,"Andover town, Essex County, Massachusetts",892,90
0600000US2500905595,2500905595,"Beverly city, Essex County, Massachusetts",912,43
0600000US2500907420,2500907420,"Boxford town, Essex County, Massachusetts",541,1702
0600000US2500916250,2500916250,"Danvers town, Essex County, Massachusetts",1005,98
0600000US2500921850,2500921850,"Essex town, Essex County, Massachusetts",997,118
0600000US2500925625,2500925625,"Georgetown town, Essex County, Massachusetts",825,81
0600000US2500926150,2500926150,"Gloucester city, Essex County, Massachusetts",828,52
0600000US2500927620,2500927620,"Groveland town, Essex County, Massachusetts",1149,219
0600000US2500927900,2500927900,"Hamilton town, Essex County, Massachusetts",943,115
0600000US2500929405,2500929405,"Haverhill city, Essex County, Massachusetts",821,27
0600000US2500932310,2500932310,"Ipswich town, Essex County, Massachusetts",780,116
0600000US2500934550,2500934550,"Lawrence city, Essex County, Massachusetts",757,16
0600000US2500937490,2500937490,"Lynn city, Essex County, Massachusetts",794,18
0600000US2500937560,2500937560,"Lynnfield town, Essex County, Massachusetts",967,1679
0600000US2500937995,2500937995,"Manchester-by-the-Sea town, Essex County, Massachusetts",1176,136
0600000US2500938400,2500938400,"Marblehead town, Essex County, Massachusetts",961,58
0600000US2500940430,2500940430,"Merrimac town, Essex County, Massachusetts",845,183
0600000US2500940710,2500940710,"Methuen city, Essex County, Massachusetts",810,36
0600000US2500941095,2500941095,"Middleton town, Essex County, Massachusetts",708,363
0600000US2500943580,2500943580,"Nahant town, Essex County, Massachusetts",1154,102
0600000US2500945175,2500945175,"Newbury town, Essex County, Massachusetts",982,120
0600000US2500945245,2500945245,"Newburyport city, Essex County, Massachusetts",964,66
0600000US2500946365,2500946365,"North Andover town, Essex County, Massachusetts",1043,80
0600000US2500952490,2500952490,"Peabody city, Essex County, Massachusetts",1003,53
0600000US2500957880,2500957880,"Rockport town, Essex County, Massachusetts",800,74
0600000US2500958405,2500958405,"Rowley town, Essex County, Massachusetts",934,115
0600000US2500959105,2500959105,"Salem city, Essex County, Massachusetts",919,32
0600000US2500959245,2500959245,"Salisbury town, Essex County, Massachusetts",828,47
0600000US2500960015,2500960015,"Saugus town, Essex County, Massachusetts",950,136
0600000US2500968645,2500968645,"Swampscott town, Essex County, Massachusetts",1031,138
0600000US2500970150,2500970150,"Topsfield town, Essex County, Massachusetts",392,352
0600000US2500974595,2500974595,"Wenham town, Essex County, Massachusetts",806,1060
0600000US2500977150,2500977150,"West Newbury town, Essex County, Massachusetts",517,462
0600000US2501102095,2501102095,"Ashfield town, Franklin County, Massachusetts",688,126
0600000US2501105560,2501105560,"Bernardston town, Franklin County, Massachusetts",896,278
0600000US2501109595,2501109595,"Buckland town, Franklin County, Massachusetts",714,27
0600000US2501112505,2501112505,"Charlemont town, Franklin County, Massachusetts",449,66
0600000US2501114885,2501114885,"Colrain town, Franklin County, Massachusetts",598,262
0600000US2501115200,2501115200,"Conway town, Franklin County, Massachusetts",672,152
0600000US2501116670,2501116670,"Deerfield town, Franklin County, Massachusetts",716,199
0600000US2501121780,2501121780,"Erving town, Franklin County, Massachusetts",625,70
0600000US2501125730,2501125730,"Gill town, Franklin County, Massachusetts",554,69
0600000US2501127025,2501127025,"Greenfield town, Franklin County, Massachusetts",615,24
0600000US2501129475,2501129475,"Hawley town, Franklin County, Massachusetts",688,310
0600000US2501129650,2501129650,"Heath town, Franklin County, Massachusetts",435,171
0600000US2501135180,2501135180,"Leverett town, Franklin County, Massachusetts",793,124
0600000US2501135285,2501135285,"Leyden town, Franklin County, Massachusetts",810,585
0600000US2501142040,2501142040,"Monroe town, Franklin County, Massachusetts",917,964
0600000US2501142285,2501142285,"Montague town, Franklin County, Massachusetts",656,63
0600000US2501145490,2501145490,"New Salem town, Franklin County, Massachusetts",763,354
0600000US2501147835,2501147835,"Northfield town, Franklin County, Massachusetts",713,93
0600000US2501151265,2501151265,"Orange town, Franklin County, Massachusetts",526,77
0600000US2501158335,2501158335,"Rowe town, Franklin County, Massachusetts",850,162
0600000US2501161135,2501161135,"Shelburne town, Franklin County, Massachusetts",730,29
0600000US2501161905,2501161905,"Shutesbury town, Franklin County, Massachusetts",747,201
0600000US2501168400,2501168400,"Sunderland town, Franklin County, Massachusetts",957,58
0600000US2501173265,2501173265,"Warwick town, Franklin County, Massachusetts",442,131
0600000US2501174525,2501174525,"Wendell town, Franklin County, Massachusetts",720,75
0600000US2501179110,2501179110,"Whately town, Franklin County, Massachusetts",758,73
0600000US2501300765,2501300765,"Agawam city, Hampden County, Massachusetts",710,31
0600000US2501306085,2501306085,"Blandford town, Hampden County, Massachusetts",683,142
0600000US2501308470,2501308470,"Brimfield town, Hampden County, Massachusetts",694,530
0600000US2501313485,2501313485,"Chester town, Hampden County, Massachusetts",531,72
0600000US2501313660,2501313660,"Chicopee city, Hampden County, Massachusetts",588,20
0600000US2501319645,2501319645,"East Longmeadow town, Hampden County, Massachusetts",342,38
0600000US2501326675,2501326675,"Granville town, Hampden County, Massachusetts",582,133
0600000US2501328075,2501328075,"Hampden town, Hampden County, Massachusetts",618,182
0600000US2501330665,2501330665,"Holland town, Hampden County, Massachusetts",771,48
0600000US2501330840,2501330840,"Holyoke city, Hampden County, Massachusetts",542,17
0600000US2501336300,2501336300,"Longmeadow town, Hampden County, Massachusetts",1019,773
0600000US2501337175,2501337175,"Ludlow town, Hampden County, Massachusetts",704,38
0600000US2501342145,2501342145,"Monson town, Hampden County, Massachusetts",510,77
0600000US2501342530,2501342530,"Montgomery town, Hampden County, Massachusetts",492,208
0600000US2501352105,2501352105,"Palmer town, Hampden County, Massachusetts",536,21
0600000US2501358650,2501358650,"Russell town, Hampden County, Massachusetts",543,128
0600000US2501365825,2501365825,"Southwick town, Hampden County, Massachusetts",693,86
0600000US2501367000,2501367000,"Springfield city, Hampden County, Massachusetts",592,16
0600000US2501370045,2501370045,"Tolland town, Hampden County, Massachusetts",868,58
0600000US2501372390,2501372390,"Wales town, Hampden County, Massachusetts",544,113
0600000US2501376030,2501376030,"Westfield city, Hampden County, Massachusetts",678,24
0600000US2501377850,2501377850,"West Springfield city, Hampden County, Massachusetts",642,21
0600000US2501379740,2501379740,"Wilbraham town, Hampden County, Massachusetts",448,269
0600000US2501501325,2501501325,"Amherst town, Hampshire County, Massachusetts",954,61
0600000US2501504825,2501504825,"Belchertown town, Hampshire County, Massachusetts",580,88
0600000US2501513590,2501513590,"Chesterfield town, Hampshire County, Massachusetts",841,26
0600000US2501516040,2501516040,"Cummington town, Hampshire County, Massachusetts",564,30
0600000US2501519330,2501519330,"Easthampton city, Hampshire County, Massachusetts",657,22
0600000US2501526290,2501526290,"Goshen town, Hampshire County, Massachusetts",1057,517
0600000US2501526535,2501526535,"Granby town, Hampshire County, Massachusetts",627,203
0600000US2501527690,2501527690,"Hadley town, Hampshire County, Massachusetts",636,91
0600000US2501529265,2501529265,"Hatfield town, Hampshire County, Massachusetts",546,166
0600000US2501531785,2501531785,"Huntington town, Hampshire County, Massachusetts",545,182
0600000US2501540990,2501540990,"Middlefield town, Hampshire County, Massachusetts",-,**
0600000US2501546330,2501546330,"Northampton city, Hampshire County, Massachusetts",754,28
0600000US2501552560,2501552560,"Pelham town, Hampshire County, Massachusetts",817,174
0600000US2501554030,2501554030,"Plainfield town, Hampshire County, Massachusetts",660,217
0600000US2501562745,2501562745,"Southampton town, Hampshire County, Massachusetts",815,188
0600000US2501564145,2501564145,"South Hadley town, Hampshire County, Massachusetts",686,25
0600000US2501572880,2501572880,"Ware town, Hampshire County, Massachusetts",511,57
0600000US2501576380,2501576380,"Westhampton town, Hampshire County, Massachusetts",1031,1312
0600000US2501579915,2501579915,"Williamsburg town, Hampshire County, Massachusetts",588,98
0600000US2501582175,2501582175,"Worthington town, Hampshire County, Massachusetts",542,288
0600000US2501700380,2501700380,"Acton town, Middlesex County, Massachusetts",967,38
0600000US2501701605,2501701605,"Arlington town, Middlesex County, Massachusetts",1121,39
0600000US2501701955,2501701955,"Ashby town, Middlesex County, Massachusetts",723,168
0600000US2501702130,2501702130,"Ashland town, Middlesex County, Massachusetts",996,114
0600000US2501703005,2501703005,"Ayer town, Middlesex County, Massachusetts",744,70
0600000US2501704615,2501704615,"Bedford town, Middlesex County, Massachusetts",1113,75
0600000US2501705070,2501705070,"Belmont town, Middlesex County, Massachusetts",1341,30
0600000US2501705805,2501705805,"Billerica town, Middlesex County, Massachusetts",1028,81
0600000US2501707350,2501707350,"Boxborough town, Middlesex County, Massachusetts",969,97
0600000US2501709840,2501709840,"Burlington town, Middlesex County, Massachusetts",1357,80
0600000US2501711000,2501711000,"Cambridge city, Middlesex County, Massachusetts",1336,20
0600000US2501711525,2501711525,"Carlisle town, Middlesex County, Massachusetts",1857,188
0600000US2501713135,2501713135,"Chelmsford town, Middlesex County, Massachusetts",975,89
0600000US2501715060,2501715060,"Concord town, Middlesex County, Massachusetts",1256,644
0600000US2501717475,2501717475,"Dracut town, Middlesex County, Massachusetts",934,33
0600000US2501717825,2501717825,"Dunstable town, Middlesex County, Massachusetts",443,1075
0600000US2501721990,2501721990,"Everett city, Middlesex County, Massachusetts",929,32
0600000US2501724925,2501724925,"Framingham town, Middlesex County, Massachusetts",969,36
0600000US2501727480,2501727480,"Groton town, Middlesex County, Massachusetts",1137,642
0600000US2501730700,2501730700,"Holliston town, Middlesex County, Massachusetts",694,315
0600000US2501731085,2501731085,"Hopkinton town, Middlesex County, Massachusetts",850,393
0600000US2501731540,2501731540,"Hudson town, Middlesex County, Massachusetts",907,87
0600000US2501735215,2501735215,"Lexington town, Middlesex County, Massachusetts",1695,100
0600000US2501735425,2501735425,"Lincoln town, Middlesex County, Massachusetts","2,000+",***
0600000US2501735950,2501735950,"Littleton town, Middlesex County, Massachusetts",606,346
0600000US2501737000,2501737000,"Lowell city, Middlesex County, Massachusetts",768,26
0600000US2501737875,2501737875,"Malden city, Middlesex County, Massachusetts",1028,36
0600000US2501738715,2501738715,"Marlborough city, Middlesex County, Massachusetts",926,47
0600000US2501739625,2501739625,"Maynard town, Middlesex County, Massachusetts",853,32
0600000US2501739835,2501739835,"Medford city, Middlesex County, Massachusetts",1093,37
0600000US2501740115,2501740115,"Melrose city, Middlesex County, Massachusetts",936,56
0600000US2501743895,2501743895,"Natick town, Middlesex County, Massachusetts",1096,34
0600000US2501745560,2501745560,"Newton city, Middlesex County, Massachusetts",1336,37
0600000US2501748955,2501748955,"North Reading town, Middlesex County, Massachusetts",1098,347
0600000US2501752805,2501752805,"Pepperell town, Middlesex County, Massachusetts",745,78
0600000US2501756130,2501756130,"Reading town, Middlesex County, Massachusetts",887,158
0600000US2501761380,2501761380,"Sherborn town, Middlesex County, Massachusetts",836,496
0600000US2501761590,2501761590,"Shirley town, Middlesex County, Massachusetts",880,149
0600000US2501762535,2501762535,"Somerville city, Middlesex County, Massachusetts",1138,26
0600000US2501767665,2501767665,"Stoneham town, Middlesex County, Massachusetts",1054,69
0600000US2501768050,2501768050,"Stow town, Middlesex County, Massachusetts",1514,322
0600000US2501768260,2501768260,"Sudbury town, Middlesex County, Massachusetts",285,185
0600000US2501769415,2501769415,"Tewksbury town, Middlesex County, Massachusetts",999,128
0600000US2501770360,2501770360,"Townsend town, Middlesex County, Massachusetts",757,46
0600000US2501771025,2501771025,"Tyngsborough town, Middlesex County, Massachusetts",950,108
0600000US2501772215,2501772215,"Wakefield town, Middlesex County, Massachusetts",977,53
0600000US2501772600,2501772600,"Waltham city, Middlesex County, Massachusetts",1098,46
0600000US2501773440,2501773440,"Watertown city, Middlesex County, Massachusetts",1165,42
0600000US2501773790,2501773790,"Wayland town, Middlesex County, Massachusetts",1245,355
0600000US2501776135,2501776135,"Westford town, Middlesex County, Massachusetts",991,105
0600000US2501777255,2501777255,"Weston town, Middlesex County, Massachusetts",1458,932
0600000US2501780230,2501780230,"Wilmington town, Middlesex County, Massachusetts",1369,200
0600000US2501780510,2501780510,"Winchester town, Middlesex County, Massachusetts",1262,155
0600000US2501781035,2501781035,"Woburn city, Middlesex County, Massachusetts",1046,45
0600000US2501900000,2501900000,"County subdivisions not defined, Nantucket County, Massachusetts",-,**
0600000US2501943790,2501943790,"Nantucket town, Nantucket County, Massachusetts",1472,316
0600000US2502102935,2502102935,"Avon town, Norfolk County, Massachusetts",1109,147
0600000US2502104930,2502104930,"Bellingham town, Norfolk County, Massachusetts",974,57
0600000US2502107665,2502107665,"Braintree town, Norfolk County, Massachusetts",1041,106
0600000US2502109175,2502109175,"Brookline town, Norfolk County, Massachusetts",1603,45
0600000US2502111315,2502111315,"Canton town, Norfolk County, Massachusetts",1141,83
0600000US2502114640,2502114640,"Cohasset town, Norfolk County, Massachusetts",1250,1743
0600000US2502116495,2502116495,"Dedham town, Norfolk County, Massachusetts",1101,117
0600000US2502117405,2502117405,"Dover town, Norfolk County, Massachusetts","2,000+",***
0600000US2502124820,2502124820,"Foxborough town, Norfolk County, Massachusetts",1007,46
0600000US2502125100,2502125100,"Franklin city, Norfolk County, Massachusetts",976,48
0600000US2502130455,2502130455,"Holbrook town, Norfolk County, Massachusetts",843,82
0600000US2502139765,2502139765,"Medfield town, Norfolk County, Massachusetts",944,94
0600000US2502139975,2502139975,"Medway town, Norfolk County, Massachusetts",793,76
0600000US2502141515,2502141515,"Millis town, Norfolk County, Massachusetts",970,39
0600000US2502141690,2502141690,"Milton town, Norfolk County, Massachusetts",1029,257
0600000US2502144105,2502144105,"Needham town, Norfolk County, Massachusetts",1355,84
0600000US2502146050,2502146050,"Norfolk town, Norfolk County, Massachusetts",296,172
0600000US2502150250,2502150250,"Norwood town, Norfolk County, Massachusetts",1110,45
0600000US2502154100,2502154100,"Plainville town, Norfolk County, Massachusetts",970,63
0600000US2502155745,2502155745,"Quincy city, Norfolk County, Massachusetts",995,25
0600000US2502155955,2502155955,"Randolph town, Norfolk County, Massachusetts",1050,72
0600000US2502160785,2502160785,"Sharon town, Norfolk County, Massachusetts",944,146
0600000US2502167945,2502167945,"Stoughton town, Norfolk County, Massachusetts",991,73
0600000US2502172495,2502172495,"Walpole town, Norfolk County, Massachusetts",1134,81
0600000US2502174175,2502174175,"Wellesley town, Norfolk County, Massachusetts",1115,331
0600000US2502178690,2502178690,"Westwood town, Norfolk County, Massachusetts",1119,510
0600000US2502178865,2502178865,"Weymouth town, Norfolk County, Massachusetts",1024,37
0600000US2502182315,2502182315,"Wrentham town, Norfolk County, Massachusetts",846,59
0600000US2502300000,2502300000,"County subdivisions not defined, Plymouth County, Massachusetts",-,**
0600000US2502300170,2502300170,"Abington town, Plymouth County, Massachusetts",952,94
0600000US2502308085,2502308085,"Bridgewater town, Plymouth County, Massachusetts",987,58
0600000US2502309000,2502309000,"Brockton city, Plymouth County, Massachusetts",819,26
0600000US2502311665,2502311665,"Carver town, Plymouth County, Massachusetts",645,491
0600000US2502317895,2502317895,"Duxbury town, Plymouth County, Massachusetts",884,625
0600000US2502318455,2502318455,"East Bridgewater town, Plymouth County, Massachusetts",830,112
0600000US2502327795,2502327795,"Halifax town, Plymouth County, Massachusetts",884,188
0600000US2502328285,2502328285,"Hanover town, Plymouth County, Massachusetts",626,168
0600000US2502328495,2502328495,"Hanson town, Plymouth County, Massachusetts",797,91
0600000US2502330210,2502330210,"Hingham town, Plymouth County, Massachusetts",1314,185
0600000US2502331645,2502331645,"Hull town, Plymouth County, Massachusetts",1171,131
0600000US2502333220,2502333220,"Kingston town, Plymouth County, Massachusetts",1037,143
0600000US2502333920,2502333920,"Lakeville town, Plymouth County, Massachusetts",715,635
0600000US2502338540,2502338540,"Marion town, Plymouth County, Massachusetts",1272,148
0600000US2502338855,2502338855,"Marshfield town, Plymouth County, Massachusetts",1003,121
0600000US2502339450,2502339450,"Mattapoisett town, Plymouth County, Massachusetts",954,230
0600000US2502340850,2502340850,"Middleborough town, Plymouth County, Massachusetts",867,43
0600000US2502350145,2502350145,"Norwell town, Plymouth County, Massachusetts",1045,422
0600000US2502352630,2502352630,"Pembroke town, Plymouth County, Massachusetts",714,295
0600000US2502354310,2502354310,"Plymouth town, Plymouth County, Massachusetts",982,67
0600000US2502354415,2502354415,"Plympton town, Plymouth County, Massachusetts",710,812
0600000US2502357600,2502357600,"Rochester town, Plymouth County, Massachusetts",632,757
0600000US2502357775,2502357775,"Rockland town, Plymouth County, Massachusetts",932,118
0600000US2502360330,2502360330,"Scituate town, Plymouth County, Massachusetts",865,125
0600000US2502372985,2502372985,"Wareham town, Plymouth County, Massachusetts",730,46
0600000US2502375260,2502375260,"West Bridgewater town, Plymouth County, Massachusetts",730,105
0600000US2502379530,2502379530,"Whitman town, Plymouth County, Massachusetts",796,63
0600000US2502500000,2502500000,"County subdivisions not defined, Suffolk County, Massachusetts",-,**
0600000US2502507000,2502507000,"Boston city, Suffolk County, Massachusetts",1030,15
0600000US2502513205,2502513205,"Chelsea city, Suffolk County, Massachusetts",837,56
0600000US2502556585,2502556585,"Revere city, Suffolk County, Massachusetts",929,35
0600000US2502580930,2502580930,"Winthrop town, Suffolk County, Massachusetts",1062,46
0600000US2502701885,2502701885,"Ashburnham town, Worcester County, Massachusetts",836,339
0600000US2502702480,2502702480,"Athol town, Worcester County, Massachusetts",659,64
0600000US2502702760,2502702760,"Auburn town, Worcester County, Massachusetts",731,41
0600000US2502703740,2502703740,"Barre town, Worcester County, Massachusetts",750,116
0600000US2502705490,2502705490,"Berlin town, Worcester County, Massachusetts",855,63
0600000US2502706015,2502706015,"Blackstone town, Worcester County, Massachusetts",665,49
0600000US2502706365,2502706365,"Bolton town, Worcester County, Massachusetts",1332,244
0600000US2502707525,2502707525,"Boylston town, Worcester County, Massachusetts",487,117
0600000US2502709105,2502709105,"Brookfield town, Worcester County, Massachusetts",511,75
0600000US2502712715,2502712715,"Charlton town, Worcester County, Massachusetts",832,64
0600000US2502714395,2502714395,"Clinton town, Worcester County, Massachusetts",749,65
0600000US2502717300,2502717300,"Douglas town, Worcester County, Massachusetts",734,132
0600000US2502717685,2502717685,"Dudley town, Worcester County, Massachusetts",630,68
0600000US2502718560,2502718560,"East Brookfield town, Worcester County, Massachusetts",865,76
0600000US2502723875,2502723875,"Fitchburg city, Worcester County, Massachusetts",664,29
0600000US2502725485,2502725485,"Gardner city, Worcester County, Massachusetts",632,24
0600000US2502726430,2502726430,"Grafton town, Worcester County, Massachusetts",790,41
0600000US2502728740,2502728740,"Hardwick town, Worcester County, Massachusetts",412,227
0600000US2502728950,2502728950,"Harvard town, Worcester County, Massachusetts",1151,123
0600000US2502730560,2502730560,"Holden town, Worcester County, Massachusetts",796,80
0600000US2502730945,2502730945,"Hopedale town, Worcester County, Massachusetts",874,207
0600000US2502731435,2502731435,"Hubbardston town, Worcester County, Massachusetts",707,697
0600000US2502734165,2502734165,"Lancaster town, Worcester County, Massachusetts",698,190
0600000US2502734795,2502734795,"Leicester town, Worcester County, Massachusetts",640,99
0600000US2502735075,2502735075,"Leominster city, Worcester County, Massachusetts",717,41
0600000US2502737420,2502737420,"Lunenburg town, Worcester County, Massachusetts",642,274
0600000US2502740255,2502740255,"Mendon town, Worcester County, Massachusetts",841,173
0600000US2502741165,2502741165,"Milford town, Worcester County, Massachusetts",867,48
0600000US2502741340,2502741340,"Millbury town, Worcester County, Massachusetts",728,77
0600000US2502741585,2502741585,"Millville town, Worcester County, Massachusetts",809,93
0600000US2502745105,2502745105,"New Braintree town, Worcester County, Massachusetts",725,363
0600000US2502746820,2502746820,"Northborough town, Worcester County, Massachusetts",796,91
0600000US2502746925,2502746925,"Northbridge town, Worcester County, Massachusetts",748,71
0600000US2502747135,2502747135,"North Brookfield town, Worcester County, Massachusetts",647,64
0600000US2502750670,2502750670,"Oakham town, Worcester County, Massachusetts",645,439
0600000US2502751825,2502751825,"Oxford town, Worcester County, Massachusetts",649,32
0600000US2502752420,2502752420,"Paxton town, Worcester County, Massachusetts",533,136
0600000US2502753120,2502753120,"Petersham town, Worcester County, Massachusetts",545,235
0600000US2502753225,2502753225,"Phillipston town, Worcester County, Massachusetts",688,396
0600000US2502755395,2502755395,"Princeton town, Worcester County, Massachusetts",864,40
0600000US2502758580,2502758580,"Royalston town, Worcester County, Massachusetts",743,32
0600000US2502758825,2502758825,"Rutland town, Worcester County, Massachusetts",764,194
0600000US2502761800,2502761800,"Shrewsbury town, Worcester County, Massachusetts",1017,59
0600000US2502763165,2502763165,"Southborough town, Worcester County, Massachusetts",730,198
0600000US2502763270,2502763270,"Southbridge town, Worcester County, Massachusetts",644,24
0600000US2502766105,2502766105,"Spencer town, Worcester County, Massachusetts",638,45
0600000US2502767385,2502767385,"Sterling town, Worcester County, Massachusetts",849,39
0600000US2502768155,2502768155,"Sturbridge town, Worcester County, Massachusetts",578,446
0600000US2502768610,2502768610,"Sutton town, Worcester County, Massachusetts",683,106
0600000US2502769275,2502769275,"Templeton town, Worcester County, Massachusetts",596,235
0600000US2502771480,2502771480,"Upton town, Worcester County, Massachusetts",913,843
0600000US2502771620,2502771620,"Uxbridge town, Worcester County, Massachusetts",771,59
0600000US2502773090,2502773090,"Warren town, Worcester County, Massachusetts",560,40
0600000US2502773895,2502773895,"Webster town, Worcester County, Massachusetts",653,24
0600000US2502775015,2502775015,"Westborough town, Worcester County, Massachusetts",1130,53
0600000US2502775155,2502775155,"West Boylston town, Worcester County, Massachusetts",796,131
0600000US2502775400,2502775400,"West Brookfield town, Worcester County, Massachusetts",589,363
0600000US2502777010,2502777010,"Westminster town, Worcester County, Massachusetts",747,484
0600000US2502780405,2502780405,"Winchendon town, Worcester County, Massachusetts",607,96
0600000US2502782000,2502782000,"Worcester city, Worcester County, Massachusetts",716,16
