"","Municipal","County","State","Region","Year","Unemployment_Rate_Avg","No_Unemployed_Avg","No_Employed_Avg","No_Labor_Avg","Labor_Pct_Change"
"1","Abington town, MA",NA,"MA","Abington",2013,7.05,645,8505.5,9150.5,NA
"2","Acton town, MA",NA,"MA","Acton",2013,4.175,522,11967.625,12489.625,NA
"3","Acushnet town, MA",NA,"MA","Acushnet",2013,9.5375,555.25,5265.375,5820.625,NA
"4","Adams town, MA",NA,"MA","Adams",2013,8.95,389.875,3966.375,4356.25,NA
"5","Agawam Town city, MA",NA,"MA","Agawam",2013,7.1125,1082.5,14146.75,15229.25,NA
"6","Alford town, MA",NA,"MA","Alford",2013,3.7375,10.625,273.25,283.875,NA
"7","Amesbury Town city, MA",NA,"MA","Amesbury",2013,6.4,565.625,8278.5,8844.125,NA
"8","Amherst Center, MA Micropolitan NECTA",NA,"MA","Amherst Center, MA Micropolitan NECTA",2013,5.425,1289.25,22892.875,24182.125,NA
"9","Amherst town, MA",NA,"MA","Amherst",2013,5.4625,1035.375,18254.125,19289.5,NA
"10","Andover town, MA",NA,"MA","Andover",2013,5.075,864.125,16112.125,16976.25,NA
"11","Aquinnah town, MA",NA,"MA","Aquinnah",2013,6.575,14.125,209.25,223.375,NA
"12","Arlington town, MA",NA,"MA","Arlington",2013,4.6,1173.25,24365.375,25538.625,NA
"13","Ashburnham town, MA",NA,"MA","Ashburnham",2013,7.925,247,2868,3115,NA
"14","Ashby town, MA",NA,"MA","Ashby",2013,9.0125,149.125,1504.75,1653.875,NA
"15","Ashfield town, MA",NA,"MA","Ashfield",2013,5.075,51.375,957.875,1009.25,NA
"16","Ashland town, MA",NA,"MA","Ashland",2013,5.0125,496.375,9429.75,9926.125,NA
"17","Athol town, MA",NA,"MA","Athol",2013,9.8125,511.875,4699,5210.875,NA
"18","Athol, MA Micropolitan NECTA",NA,"MA","Athol, MA Micropolitan NECTA",2013,9.175,947.375,9385.625,10333,NA
"19","Attleboro city, MA",NA,"MA","Attleboro city, MA",2013,8.875,2184.625,22450.25,24634.875,NA
"20","Auburn town, MA",NA,"MA","Auburn",2013,7.4,639.875,7995.5,8635.375,NA
"21","Avon town, MA",NA,"MA","Avon",2013,7.5,173.875,2150.125,2324,NA
"22","Ayer town, MA",NA,"MA","Ayer",2013,6.2875,271.625,4049.125,4320.75,NA
"23","Barnstable County, MA",NA,"MA","Barnstable County, MA",2013,7.4875,9093.875,114147.125,123241,NA
"24","Barnstable Town city, MA",NA,"MA","Barnstable",2013,6.675,1762.5,24962,26724.5,NA
"25","Barnstable Town, MA Metropolitan NECTA",NA,"MA","Barnstable",2013,7.225,9828.5,127605.875,137434.375,NA
"26","Barre town, MA",NA,"MA","Barre",2013,8.5875,234.75,2501.375,2736.125,NA
"27","Becket town, MA",NA,"MA","Becket",2013,7.3375,71.5,900.625,972.125,NA
"28","Bedford town, MA",NA,"MA","Bedford",2013,5.1625,367.375,6728,7095.375,NA
"29","Belchertown town, MA",NA,"MA","Belchertown",2013,6.0375,494.375,7682.625,8177,NA
"30","Bellingham town, MA",NA,"MA","Bellingham",2013,8.625,858.5,9080.125,9938.625,NA
"31","Belmont town, MA",NA,"MA","Belmont",2013,4.275,583.875,13052.5,13636.375,NA
"32","Berkley town, MA",NA,"MA","Berkley",2013,6.025,223.625,3484,3707.625,NA
"33","Berkshire County, MA",NA,"MA","Berkshire County, MA",2013,7,4959.375,65750.625,70710,NA
"34","Berlin town, MA",NA,"MA","Berlin",2013,4.9375,78.5,1503.25,1581.75,NA
"35","Bernardston town, MA",NA,"MA","Bernardston",2013,6.025,69.875,1088.125,1158,NA
"36","Beverly city, MA",NA,"MA","Beverly city, MA",2013,5.9625,1299.125,20444.25,21743.375,NA
"37","Billerica town, MA",NA,"MA","Billerica",2013,6.1625,1397.25,21326.25,22723.5,NA
"38","Blackstone town, MA",NA,"MA","Blackstone",2013,9.4625,499.25,4783.25,5282.5,NA
"39","Blandford town, MA",NA,"MA","Blandford",2013,7.5625,52.5,642.625,695.125,NA
"40","Bolton town, MA",NA,"MA","Bolton",2013,5.0125,142.25,2698.75,2841,NA
"41","Boston-Cambridge-Quincy, MA-NH Metropolitan NECTA",NA,"MA","Boston-Cambridge-Quincy, MA-NH Metropolitan NECTA",2013,6.2125,159565.5,2406857.375,2566422.875,NA
"42","Boston-Cambridge-Quincy, MA NECTA Division",NA,"MA","Boston-Cambridge-Quincy, MA NECTA Division",2013,5.7625,90263.875,1468126.75,1558390.625,NA
"43","Boston-Worcester-Manchester, MA-NH-CT-ME Combined NECTA",NA,"MA","Boston-Worcester-Manchester, MA-NH-CT-ME Combined NECTA",2013,6.3875,198969.5,2910987.5,3109957,NA
"44","Boston city, MA",NA,"MA","Boston city, MA",2013,6.675,21575.25,301374.375,322949.625,NA
"45","Bourne town, MA",NA,"MA","Bourne",2013,7.275,816.625,10462.25,11278.875,NA
"46","Boxborough town, MA",NA,"MA","Boxborough",2013,5.125,152.25,2819.125,2971.375,NA
"47","Boxford town, MA",NA,"MA","Boxford",2013,5.0375,207.375,3905.875,4113.25,NA
"48","Boylston town, MA",NA,"MA","Boylston",2013,6.3375,146.125,2159.75,2305.875,NA
"49","Braintree Town city, MA",NA,"MA","Braintree",2013,5.9125,1142.25,18168.875,19311.125,NA
"50","Brewster town, MA",NA,"MA","Brewster",2013,6.3875,359.75,5362.375,5722.125,NA
"51","Bridgewater town, MA",NA,"MA","Bridgewater",2013,6.7125,925.125,12845.75,13770.875,NA
"52","Brimfield town, MA",NA,"MA","Brimfield",2013,7.9875,152.875,1759.625,1912.5,NA
"53","Bristol County, MA",NA,"MA","Bristol County, MA",2013,9.7,28143,262122.5,290265.5,NA
"54","Brockton-Bridgewater-Easton, MA NECTA Division",NA,"MA","Brockton-Bridgewater-Easton, MA NECTA Division",2013,7.7125,9875.25,118131.125,128006.375,NA
"55","Brockton city, MA",NA,"MA","Brockton city, MA",2013,9.0875,4143.75,41432,45575.75,NA
"56","Brookfield town, MA",NA,"MA","Brookfield",2013,8.2125,151,1688.75,1839.75,NA
"57","Brookline town, MA",NA,"MA","Brookline",2013,3.575,1243.875,33658,34901.875,NA
"58","Buckland town, MA",NA,"MA","Buckland",2013,3.6625,38.75,1022,1060.75,NA
"59","Burlington town, MA",NA,"MA","Burlington",2013,4.9875,701.25,13377.5,14078.75,NA
"60","Cambridge city, MA",NA,"MA","Cambridge city, MA",2013,4.2625,2607.75,58466.5,61074.25,NA
"61","Canton town, MA",NA,"MA","Canton",2013,5.75,669.25,10973.875,11643.125,NA
"62","Carlisle town, MA",NA,"MA","Carlisle",2013,4.6375,119,2446.25,2565.25,NA
"63","Carver town, MA",NA,"MA","Carver",2013,7.2,452.75,5829.625,6282.375,NA
"64","Charlemont town, MA",NA,"MA","Charlemont",2013,7.55,54.75,668.625,723.375,NA
"65","Charlemont, MA Adjacent LMA",NA,"MA","Charlemont, MA Adjacent LMA",2013,6.75,73.875,1019.125,1093,NA
"66","Charlton town, MA",NA,"MA","Charlton",2013,7.2625,506.75,6460.25,6967,NA
"67","Chatham town, MA",NA,"MA","Chatham",2013,7.3875,236.875,3027.875,3264.75,NA
"68","Chelmsford town, MA",NA,"MA","Chelmsford",2013,5.5875,1068.375,18076.375,19144.75,NA
"69","Chelsea city, MA",NA,"MA","Chelsea city, MA",2013,8.9,1301.625,13302,14603.625,NA
"70","Cheshire town, MA",NA,"MA","Cheshire",2013,7.1125,127.875,1675.75,1803.625,NA
"71","Chester town, MA",NA,"MA","Chester",2013,9.0125,64.625,652.125,716.75,NA
"72","Chesterfield town, MA",NA,"MA","Chesterfield",2013,5.65,39,653.125,692.125,NA
"73","Chicopee city, MA",NA,"MA","Chicopee city, MA",2013,8.6,2315.375,24581.875,26897.25,NA
"74","Chilmark town, MA",NA,"MA","Chilmark",2013,4.1625,22.25,571.625,593.875,NA
"75","Clarksburg town, MA",NA,"MA","Clarksburg",2013,7.325,68.375,865.625,934,NA
"76","Clinton town, MA",NA,"MA","Clinton",2013,9.0625,661.5,6628.375,7289.875,NA
"77","Cohasset town, MA",NA,"MA","Cohasset",2013,4.8375,184.625,3646.625,3831.25,NA
"78","Colrain town, MA",NA,"MA","Colrain",2013,7.65,68.125,824,892.125,NA
"79","Concord town, MA",NA,"MA","Concord",2013,4.675,382.125,7787.25,8169.375,NA
"80","Conway town, MA",NA,"MA","Conway",2013,4.3375,47.625,1051.875,1099.5,NA
"81","Cummington town, MA",NA,"MA","Cummington",2013,8.925,40,406.375,446.375,NA
"82","Dalton town, MA",NA,"MA","Dalton",2013,6.6125,245,3465.625,3710.625,NA
"83","Danvers town, MA",NA,"MA","Danvers",2013,5.6625,827,13765,14592,NA
"84","Dartmouth town, MA",NA,"MA","Dartmouth",2013,8.5125,1462,15671.25,17133.25,NA
"85","Dedham town, MA",NA,"MA","Dedham",2013,6,792.25,12396.875,13189.125,NA
"86","Deerfield town, MA",NA,"MA","Deerfield",2013,6.1875,179.25,2714.5,2893.75,NA
"87","Dennis town, MA",NA,"MA","Dennis",2013,7.8875,608.75,7200.25,7809,NA
"88","Dighton town, MA",NA,"MA","Dighton",2013,6.4375,258.125,3745.75,4003.875,NA
"89","Douglas town, MA",NA,"MA","Douglas",2013,6.275,297.875,4453.375,4751.25,NA
"90","Dover town, MA",NA,"MA","Dover",2013,4.4,125.5,2718.75,2844.25,NA
"91","Dracut town, MA",NA,"MA","Dracut",2013,6.7625,1138.625,15711.375,16850,NA
"92","Dudley town, MA",NA,"MA","Dudley",2013,7.7,473.5,5676,6149.5,NA
"93","Dukes County, MA",NA,"MA","Dukes County, MA",2013,7.8,861.125,11103.5,11964.625,NA
"94","Dunstable town, MA",NA,"MA","Dunstable",2013,4.9625,91.75,1756.625,1848.375,NA
"95","Duxbury town, MA",NA,"MA","Duxbury",2013,5.55,422.25,7194.125,7616.375,NA
"96","East Bridgewater town, MA",NA,"MA","East Bridgewater",2013,7.2375,548.25,7024.75,7573,NA
"97","East Brookfield town, MA",NA,"MA","East Brookfield",2013,7.5625,91.875,1125.125,1217,NA
"98","East Longmeadow town, MA",NA,"MA","East Longmeadow",2013,6.275,489.5,7301.625,7791.125,NA
"99","Eastham town, MA",NA,"MA","Eastham",2013,9.2125,244.125,2441.625,2685.75,NA
"100","Easthampton Town city, MA",NA,"MA","Easthampton",2013,6.825,619.5,8456.375,9075.875,NA
"101","Easton town, MA",NA,"MA","Easton",2013,6.0125,801.75,12526.25,13328,NA
"102","Edgartown town, MA",NA,"MA","Edgartown",2013,8.6625,237.375,2752.125,2989.5,NA
"103","Egremont town, MA",NA,"MA","Egremont",2013,4.0875,31.375,734.375,765.75,NA
"104","Erving town, MA",NA,"MA","Erving",2013,6.3125,60.875,902.375,963.25,NA
"105","Essex County, MA",NA,"MA","Essex County, MA",2013,7.2625,28130.375,359448.125,387578.5,NA
"106","Essex town, MA",NA,"MA","Essex",2013,5.875,115,1842.25,1957.25,NA
"107","Everett city, MA",NA,"MA","Everett city, MA",2013,7.1625,1547.375,20050.75,21598.125,NA
"108","Fairhaven town, MA",NA,"MA","Fairhaven",2013,9.425,795.875,7643.625,8439.5,NA
"109","Fall River city, MA",NA,"MA","Fall River city, MA",2013,13.3375,5792.625,37652.5,43445.125,NA
"110","Falmouth town, MA",NA,"MA","Falmouth",2013,6.625,1177,16768.875,17945.875,NA
"111","Fitchburg city, MA",NA,"MA","Fitchburg city, MA",2013,10.175,1868.75,16453.375,18322.125,NA
"112","Florida town, MA",NA,"MA","Florida",2013,8.125,35,395.25,430.25,NA
"113","Foxborough town, MA",NA,"MA","Foxborough",2013,5.675,541.875,9003.375,9545.25,NA
"114","Framingham town, MA",NA,"MA","Framingham",2013,5.3375,2071.125,36604.25,38675.375,NA
"115","Framingham, MA NECTA Division",NA,"MA","Framingham, MA NECTA Division",2013,5.4875,8225.625,141838.5,150064.125,NA
"116","Franklin County, MA",NA,"MA","Franklin County, MA",2013,6.5625,2485.5,35419.75,37905.25,NA
"117","Franklin Town city, MA",NA,"MA","Franklin",2013,5.95,1015,16068.25,17083.25,NA
"118","Freetown town, MA",NA,"MA","Freetown",2013,7.65,417.75,5038.25,5456,NA
"119","Gardner city, MA",NA,"MA","Gardner city, MA",2013,9.5625,901.625,8524.125,9425.75,NA
"120","Georgetown town, MA",NA,"MA","Georgetown",2013,5.25,232.375,4179.375,4411.75,NA
"121","Gill town, MA",NA,"MA","Gill",2013,6.6375,57.375,804.625,862,NA
"122","Gloucester city, MA",NA,"MA","Gloucester city, MA",2013,8.3375,1325.75,14583.875,15909.625,NA
"123","Goshen town, MA",NA,"MA","Goshen",2013,5.0625,31.375,588.125,619.5,NA
"124","Gosnold town, MA",NA,"MA","Gosnold",2013,6.5,2.125,29.625,31.75,NA
"125","Grafton town, MA",NA,"MA","Grafton",2013,6.5375,628.75,9011.375,9640.125,NA
"126","Granby town, MA",NA,"MA","Granby",2013,6.7375,226.125,3141.75,3367.875,NA
"127","Granville town, MA",NA,"MA","Granville",2013,7.875,68.5,798.875,867.375,NA
"128","Great Barrington town, MA",NA,"MA","Great Barrington",2013,6.0125,251.625,3938.5,4190.125,NA
"129","Great Barrington, MA LMA",NA,"MA","Great Barrington, MA LMA",2013,5.4,880.75,15446,16326.75,NA
"130","Greenfield Town city, MA",NA,"MA","Greenfield",2013,6.85,601.75,8185.25,8787,NA
"131","Greenfield, MA Micropolitan NECTA",NA,"MA","Greenfield, MA Micropolitan NECTA",2013,6.675,1438.5,20175,21613.5,NA
"132","Groton town, MA",NA,"MA","Groton",2013,5.3125,305.25,5442.25,5747.5,NA
"133","Groveland town, MA",NA,"MA","Groveland",2013,6.1625,217.875,3315.875,3533.75,NA
"134","Hadley town, MA",NA,"MA","Hadley",2013,6.0375,162.75,2533,2695.75,NA
"135","Halifax town, MA",NA,"MA","Halifax",2013,7.4,310.125,3872.125,4182.25,NA
"136","Hamilton town, MA",NA,"MA","Hamilton",2013,5.225,196.125,3549.125,3745.25,NA
"137","Hampden County, MA",NA,"MA","Hampden County, MA",2013,8.9625,19458.625,197336,216794.625,NA
"138","Hampden town, MA",NA,"MA","Hampden",2013,6.2,165.25,2502,2667.25,NA
"139","Hampshire County, MA",NA,"MA","Hampshire County, MA",2013,6.1625,5253.125,80206.125,85459.25,NA
"140","Hancock town, MA",NA,"MA","Hancock",2013,4.175,16.5,377.25,393.75,NA
"141","Hanover town, MA",NA,"MA","Hanover",2013,5.5375,420.625,7175.25,7595.875,NA
"142","Hanson town, MA",NA,"MA","Hanson",2013,6.875,393.875,5331,5724.875,NA
"143","Hardwick town, MA",NA,"MA","Hardwick",2013,7.2,105.125,1354,1459.125,NA
"144","Harvard town, MA",NA,"MA","Harvard",2013,4.625,146.375,3020.625,3167,NA
"145","Harwich town, MA",NA,"MA","Harwich",2013,8.325,542.625,6067.5,6610.125,NA
"146","Hatfield town, MA",NA,"MA","Hatfield",2013,5.95,115.375,1821.75,1937.125,NA
"147","Haverhill-North Andover-Amesbury, MA-NH NECTA Division",NA,"MA","Haverhill-North Andover-Amesbury, MA-NH NECTA Division",2013,6.5,8245.875,118699.125,126945,NA
"148","Haverhill-North Andover-Amesbury, MA-NH NECTA Division, MA part",NA,"MA","Haverhill-North Andover-Amesbury, MA-NH NECTA Division, MA part",2013,6.4875,4781.5,68929.625,73711.125,NA
"149","Haverhill city, MA",NA,"MA","Haverhill city, MA",2013,7.1,2282.5,29891.125,32173.625,NA
"150","Hawley town, MA",NA,"MA","Hawley",2013,5.725,9.625,158,167.625,NA
"151","Heath town, MA",NA,"MA","Heath",2013,5.6875,23.125,382.125,405.25,NA
"152","Hingham town, MA",NA,"MA","Hingham",2013,4.925,556.375,10726.5,11282.875,NA
"153","Hinsdale town, MA",NA,"MA","Hinsdale",2013,8.3375,96.5,1059.75,1156.25,NA
"154","Holbrook town, MA",NA,"MA","Holbrook",2013,7.2625,429.75,5484.875,5914.625,NA
"155","Holden town, MA",NA,"MA","Holden",2013,6.075,543.5,8400,8943.5,NA
"156","Holland town, MA",NA,"MA","Holland",2013,8.3125,116.875,1286.25,1403.125,NA
"157","Holliston town, MA",NA,"MA","Holliston",2013,5.3875,398.875,6998.25,7397.125,NA
"158","Holyoke city, MA",NA,"MA","Holyoke city, MA",2013,10.65,1669,13994.5,15663.5,NA
"159","Hopedale town, MA",NA,"MA","Hopedale",2013,5.65,182.25,3039.375,3221.625,NA
"160","Hopkinton town, MA",NA,"MA","Hopkinton",2013,5.05,394,7438.5,7832.5,NA
"161","Hubbardston town, MA",NA,"MA","Hubbardston",2013,7.425,180.25,2247,2427.25,NA
"162","Hudson town, MA",NA,"MA","Hudson",2013,6,675.625,10619.125,11294.75,NA
"163","Hull town, MA",NA,"MA","Hull",2013,6.675,391.75,5472,5863.75,NA
"164","Huntington town, MA",NA,"MA","Huntington",2013,8.5,103.625,1114.125,1217.75,NA
"165","Ipswich town, MA",NA,"MA","Ipswich",2013,5.5125,409,7007.25,7416.25,NA
"166","Kingston town, MA",NA,"MA","Kingston",2013,6.4125,423.875,6165.75,6589.625,NA
"167","Lakeville town, MA",NA,"MA","Lakeville",2013,7.0875,424.25,5561,5985.25,NA
"168","Lancaster town, MA",NA,"MA","Lancaster",2013,6.5875,230.875,3269.625,3500.5,NA
"169","Lanesborough town, MA",NA,"MA","Lanesborough",2013,6.425,117.75,1714.75,1832.5,NA
"170","Lawrence-Methuen-Salem, MA-NH NECTA Division",NA,"MA","Lawrence-Methuen-Salem, MA-NH NECTA Division",2013,11.1375,8390.625,66954.25,75344.875,NA
"171","Lawrence-Methuen-Salem, MA-NH NECTA Division, MA part",NA,"MA","Lawrence-Methuen-Salem, MA-NH NECTA Division, MA part",2013,12.175,7011,50622.5,57633.5,NA
"172","Lawrence city, MA",NA,"MA","Lawrence city, MA",2013,14.7875,4816.5,27784.875,32601.375,NA
"173","Lee town, MA",NA,"MA","Lee",2013,5.5625,208.625,3547.875,3756.5,NA
"174","Leicester town, MA",NA,"MA","Leicester",2013,7.275,434.75,5545.25,5980,NA
"175","Lenox town, MA",NA,"MA","Lenox",2013,5.6125,142.625,2395.25,2537.875,NA
"176","Leominster-Fitchburg-Gardner, MA Metropolitan NECTA",NA,"MA","Leominster-Fitchburg-Gardner, MA Metropolitan NECTA",2013,9.3125,6630.75,64535.75,71166.5,NA
"177","Leominster city, MA",NA,"MA","Leominster city, MA",2013,9.3375,1870.125,18161.375,20031.5,NA
"178","Leverett town, MA",NA,"MA","Leverett",2013,4.8,48,962.75,1010.75,NA
"179","Lexington town, MA",NA,"MA","Lexington",2013,4.525,720.875,15196.75,15917.625,NA
"180","Leyden town, MA",NA,"MA","Leyden",2013,4.9625,20.875,400.25,421.125,NA
"181","Lincoln town, MA",NA,"MA","Lincoln",2013,4.275,114.875,2565.625,2680.5,NA
"182","Littleton town, MA",NA,"MA","Littleton",2013,5.275,262.625,4704,4966.625,NA
"183","Longmeadow town, MA",NA,"MA","Longmeadow",2013,5.3,401.625,7172.75,7574.375,NA
"184","Lowell-Billerica-Chelmsford, MA-NH NECTA Division",NA,"MA","Lowell-Billerica-Chelmsford, MA-NH NECTA Division",2013,6.9875,10925.625,145169,156094.625,NA
"185","Lowell-Billerica-Chelmsford, MA-NH NECTA Division, MA part",NA,"MA","Lowell-Billerica-Chelmsford, MA-NH NECTA Division, MA part",2013,6.975,10368.75,138148.5,148517.25,NA
"186","Lowell city, MA",NA,"MA","Lowell city, MA",2013,8.625,4550.875,48164,52714.875,NA
"187","Ludlow town, MA",NA,"MA","Ludlow",2013,9.7875,1029.125,9439.375,10468.5,NA
"188","Lunenburg town, MA",NA,"MA","Lunenburg",2013,7.9375,419,4855.25,5274.25,NA
"189","Lynn city, MA",NA,"MA","Lynn city, MA",2013,7.85,3436.25,40234.25,43670.5,NA
"190","Lynnfield town, MA",NA,"MA","Lynnfield",2013,5.45,317.75,5518.875,5836.625,NA
"191","Malden city, MA",NA,"MA","Malden city, MA",2013,6.125,2069.125,31680.625,33749.75,NA
"192","Manchester-by-the-Sea town, MA",NA,"MA","Manchester-by-the-Sea",2013,5.475,150.125,2580.5,2730.625,NA
"193","Mansfield town, MA",NA,"MA","Mansfield",2013,5.8625,744.5,11901.875,12646.375,NA
"194","Marblehead town, MA",NA,"MA","Marblehead",2013,4.775,531.125,10537.875,11069,NA
"195","Marion town, MA",NA,"MA","Marion",2013,6,186.75,2907.75,3094.5,NA
"196","Marlborough city, MA",NA,"MA","Marlborough city, MA",2013,5.625,1289.125,21662.5,22951.625,NA
"197","Marshfield town, MA",NA,"MA","Marshfield",2013,6.0875,858.5,13263.25,14121.75,NA
"198","Mashpee town, MA",NA,"MA","Mashpee",2013,7.0125,574.375,7713.125,8287.5,NA
"199",NA,NA,"MA","Massachusetts",2013,6.8375,238432.125,3245292.625,3483724.75,NA
"200","Mattapoisett town, MA",NA,"MA","Mattapoisett",2013,7.3375,238.75,3011.75,3250.5,NA
"201","Maynard town, MA",NA,"MA","Maynard",2013,5.8,353.875,5767.25,6121.125,NA
"202","Medfield town, MA",NA,"MA","Medfield",2013,5.4,322.375,5644.875,5967.25,NA
"203","Medford city, MA",NA,"MA","Medford city, MA",2013,5.6,1746.5,29342.5,31089,NA
"204","Medway town, MA",NA,"MA","Medway",2013,5.3,382.375,6814.375,7196.75,NA
"205","Melrose city, MA",NA,"MA","Melrose city, MA",2013,5.175,801.75,14676.125,15477.875,NA
"206","Mendon town, MA",NA,"MA","Mendon",2013,6.05,204.75,3181.625,3386.375,NA
"207","Merrimac town, MA",NA,"MA","Merrimac",2013,6.0375,216.875,3378.875,3595.75,NA
"208","Methuen Town city, MA",NA,"MA","Methuen",2013,8.75,2194.5,22837.625,25032.125,NA
"209","Middleborough town, MA",NA,"MA","Middleborough",2013,7.725,986.125,11777.875,12764,NA
"210","Middlefield town, MA",NA,"MA","Middlefield",2013,7.2625,21.625,275.625,297.25,NA
"211","Middlesex County, MA",NA,"MA","Middlesex County, MA",2013,5.4375,46042.625,797790.875,843833.5,NA
"212","Middleton town, MA",NA,"MA","Middleton",2013,6.225,260,3922,4182,NA
"213","Milford town, MA",NA,"MA","Milford",2013,6.5,1009.125,14505.125,15514.25,NA
"214","Millbury town, MA",NA,"MA","Millbury",2013,6.875,500.75,6763.25,7264,NA
"215","Millis town, MA",NA,"MA","Millis",2013,6.0625,276,4274.625,4550.625,NA
"216","Millville town, MA",NA,"MA","Millville",2013,9.075,162.375,1628.25,1790.625,NA
"217","Milton town, MA",NA,"MA","Milton",2013,5.525,791.25,13512.625,14303.875,NA
"218","Monroe town, MA",NA,"MA","Monroe",2013,6.8625,2,27,29,NA
"219","Monson town, MA",NA,"MA","Monson",2013,7.55,332,4062,4394,NA
"220","Montague town, MA",NA,"MA","Montague",2013,7.3875,319,4002.875,4321.875,NA
"221","Monterey town, MA",NA,"MA","Monterey",2013,4.1,24.25,568,592.25,NA
"222","Montgomery town, MA",NA,"MA","Montgomery",2013,7.0375,33.75,446.125,479.875,NA
"223","Mount Washington town, MA",NA,"MA","Mount Washington",2013,2.6875,3.25,115,118.25,NA
"224","Nahant town, MA",NA,"MA","Nahant",2013,6.2125,120.75,1829.25,1950,NA
"225","Nantucket County/town, MA",NA,"MA","Nantucket County/town, MA",2013,7.1625,498.875,7661.75,8160.625,NA
"226","Nashua, NH-MA NECTA Division, MA part",NA,"MA","Nashua, NH-MA NECTA Division, MA part",2013,6.1,702.5,10816.375,11518.875,NA
"227","Natick town, MA",NA,"MA","Natick",2013,4.85,938.375,18387.25,19325.625,NA
"228","Needham town, MA",NA,"MA","Needham",2013,4.45,647.375,13866.625,14514,NA
"229","New Ashford town, MA",NA,"MA","New Ashford",2013,5.1,7.125,132.875,140,NA
"230","New Bedford city, MA",NA,"MA","New Bedford city, MA",2013,13.525,6007.25,38409,44416.25,NA
"231","New Bedford, MA Metropolitan NECTA",NA,"MA","New Bedford, MA Metropolitan NECTA",2013,11.0625,9684.125,77851.25,87535.375,NA
"232","New Braintree town, MA",NA,"MA","New Braintree",2013,7.975,45.375,522.25,567.625,NA
"233","New Marlborough town, MA",NA,"MA","New Marlborough",2013,6.3,57.125,849.375,906.5,NA
"234","New Salem town, MA",NA,"MA","New Salem",2013,6.9,37.75,509,546.75,NA
"235","Newbury town, MA",NA,"MA","Newbury",2013,5.7875,216,3525.5,3741.5,NA
"236","Newburyport city, MA",NA,"MA","Newburyport city, MA",2013,5.175,518.125,9475.25,9993.375,NA
"237","Newton city, MA",NA,"MA","Newton city, MA",2013,4.475,2153,45861.125,48014.125,NA
"238","Norfolk County, MA",NA,"MA","Norfolk County, MA",2013,5.7875,21400.125,348121.5,369521.625,NA
"239","Norfolk town, MA",NA,"MA","Norfolk",2013,6.3125,319.875,4752.75,5072.625,NA
"240","North Adams city, MA",NA,"MA","North Adams city, MA",2013,8.8625,610,6282.75,6892.75,NA
"241","North Adams, MA-VT Micropolitan NECTA",NA,"MA","North Adams, MA-VT Micropolitan NECTA",2013,8.075,1349.75,15389.875,16739.625,NA
"242","North Adams, MA-VT Micropolitan NECTA, MA part",NA,"MA","North Adams, MA-VT Micropolitan NECTA, MA part",2013,8.1375,1325.5,14973.875,16299.375,NA
"243","North Andover town, MA",NA,"MA","North Andover",2013,5.85,841.125,13496.875,14338,NA
"244","North Attleborough town, MA",NA,"MA","North Attleborough",2013,7.8875,1324.375,15458.25,16782.625,NA
"245","North Brookfield town, MA",NA,"MA","North Brookfield",2013,7.95,191.25,2215.875,2407.125,NA
"246","North Reading town, MA",NA,"MA","North Reading",2013,5.7875,496.875,8071.25,8568.125,NA
"247","Northampton city, MA",NA,"MA","Northampton city, MA",2013,5.2125,829.75,15076.5,15906.25,NA
"248","Northborough town, MA",NA,"MA","Northborough",2013,5.8375,447.5,7233.25,7680.75,NA
"249","Northbridge town, MA",NA,"MA","Northbridge",2013,7.9125,631.875,7356.625,7988.5,NA
"250","Northfield town, MA",NA,"MA","Northfield",2013,4.975,86,1638,1724,NA
"251","Norton town, MA",NA,"MA","Norton",2013,7.0125,719.75,9534.625,10254.375,NA
"252","Norwell town, MA",NA,"MA","Norwell",2013,5.0375,277.875,5232.625,5510.5,NA
"253","Norwood town, MA",NA,"MA","Norwood",2013,5.7875,930.375,15111.5,16041.875,NA
"254","Oak Bluffs town, MA",NA,"MA","Oak Bluffs",2013,7.5625,218.5,2927.625,3146.125,NA
"255","Oakham town, MA",NA,"MA","Oakham",2013,8.025,84.75,969.25,1054,NA
"256","Orange town, MA",NA,"MA","Orange",2013,9.0125,336.625,3393.25,3729.875,NA
"257","Orleans town, MA",NA,"MA","Orleans",2013,6.1875,179.375,2764.625,2944,NA
"258","Otis town, MA",NA,"MA","Otis",2013,5.9625,58.125,919.75,977.875,NA
"259","Oxford town, MA",NA,"MA","Oxford",2013,7.0625,533.375,7007.25,7540.625,NA
"260","Palmer Town city, MA",NA,"MA","Palmer",2013,8.55,544.5,5820.625,6365.125,NA
"261","Paxton town, MA",NA,"MA","Paxton",2013,6.0125,148.625,2319.25,2467.875,NA
"262","Peabody city, MA",NA,"MA","Peabody city, MA",2013,6.55,1841.125,26197.375,28038.5,NA
"263","Peabody, MA NECTA Division",NA,"MA","Peabody, MA NECTA Division",2013,6.725,8821.375,122218.25,131039.625,NA
"264","Pelham town, MA",NA,"MA","Pelham",2013,5.175,37.25,689.25,726.5,NA
"265","Pembroke town, MA",NA,"MA","Pembroke",2013,6.4625,649.5,9380.25,10029.75,NA
"266","Pepperell town, MA",NA,"MA","Pepperell",2013,6.05,392.875,6098,6490.875,NA
"267","Peru town, MA",NA,"MA","Peru",2013,5.9,28.25,450.25,478.5,NA
"268","Petersham town, MA",NA,"MA","Petersham",2013,7.0375,45.125,594.375,639.5,NA
"269","Phillipston town, MA",NA,"MA","Phillipston",2013,8.7625,78,811.875,889.875,NA
"270","Pittsfield-North Adams, MA-VT Combined NECTA",NA,"MA","Pittsfield-North Adams, MA-VT Combined NECTA",2013,7.475,4105.625,50746.75,54852.375,NA
"271","Pittsfield city, MA",NA,"MA","Pittsfield city, MA",2013,7.7,1774.375,21232,23006.375,NA
"272","Pittsfield, MA Metropolitan NECTA",NA,"MA","Pittsfield, MA Metropolitan NECTA",2013,7.2375,2755.875,35356.875,38112.75,NA
"273","Plainfield town, MA",NA,"MA","Plainfield",2013,8.9875,29,290.75,319.75,NA
"274","Plainville town, MA",NA,"MA","Plainville",2013,8.3625,414,4529.25,4943.25,NA
"275","Plymouth County, MA",NA,"MA","Plymouth County, MA",2013,7.075,18814.75,246914.625,265729.375,NA
"276","Plymouth town, MA",NA,"MA","Plymouth",2013,7.05,2137.375,28206.875,30344.25,NA
"277","Plympton town, MA",NA,"MA","Plympton",2013,7.025,116.5,1545.75,1662.25,NA
"278","Princeton town, MA",NA,"MA","Princeton",2013,6.55,123.375,1758.375,1881.75,NA
"279","Providence-Fall River-Warwick, RI-MA Metropolitan NECTA, MA part",NA,"MA","Providence-Fall River-Warwick, RI-MA Metropolitan NECTA, MA part",2013,10.225,15193,133584.375,148777.375,NA
"280","Provincetown town, MA",NA,"MA","Provincetown",2013,21.9125,488.25,1614.125,2102.375,NA
"281","Quincy city, MA",NA,"MA","Quincy city, MA",2013,6.075,3256.125,50247.625,53503.75,NA
"282","Randolph town, MA",NA,"MA","Randolph",2013,7.5,1362,16748,18110,NA
"283","Raynham town, MA",NA,"MA","Raynham",2013,6.9,534.25,7208.875,7743.125,NA
"284","Reading town, MA",NA,"MA","Reading",2013,4.95,685.25,13101.375,13786.625,NA
"285","Rehoboth town, MA",NA,"MA","Rehoboth",2013,8.325,570.625,6295.75,6866.375,NA
"286","Revere city, MA",NA,"MA","Revere city, MA",2013,7.5375,1905.375,23353.75,25259.125,NA
"287","Richmond town, MA",NA,"MA","Richmond",2013,3.6875,31.5,824.375,855.875,NA
"288","Rochester town, MA",NA,"MA","Rochester",2013,6.8875,205.75,2782.75,2988.5,NA
"289","Rockland town, MA",NA,"MA","Rockland",2013,6.8625,681.875,9253,9934.875,NA
"290","Rockport town, MA",NA,"MA","Rockport",2013,7.1875,274.875,3549.125,3824,NA
"291","Rowe town, MA",NA,"MA","Rowe",2013,4.6875,9.5,192.5,202,NA
"292","Rowley town, MA",NA,"MA","Rowley",2013,5.725,197,3235.25,3432.25,NA
"293","Royalston town, MA",NA,"MA","Royalston",2013,9.1625,55.5,547.75,603.25,NA
"294","Russell town, MA",NA,"MA","Russell",2013,8.2875,80.5,889.125,969.625,NA
"295","Rutland town, MA",NA,"MA","Rutland",2013,6.8375,299.5,4066.125,4365.625,NA
"296","Salem city, MA",NA,"MA","Salem city, MA",2013,6.7375,1621.75,22416.5,24038.25,NA
"297","Salisbury town, MA",NA,"MA","Salisbury",2013,6.975,314.75,4197,4511.75,NA
"298","Sandisfield town, MA",NA,"MA","Sandisfield",2013,5.3875,28.875,506.875,535.75,NA
"299","Sandwich town, MA",NA,"MA","Sandwich",2013,6.4375,790.75,11549.75,12340.5,NA
"300","Saugus town, MA",NA,"MA","Saugus",2013,5.9375,870,13765,14635,NA
"301","Savoy town, MA",NA,"MA","Savoy",2013,10.1375,40.25,356.625,396.875,NA
"302","Scituate town, MA",NA,"MA","Scituate",2013,5.675,550.25,9132.5,9682.75,NA
"303","Seekonk town, MA",NA,"MA","Seekonk",2013,9,682.125,6899.875,7582,NA
"304","Sharon town, MA",NA,"MA","Sharon",2013,4.9375,469.125,9024.25,9493.375,NA
"305","Sheffield town, MA",NA,"MA","Sheffield",2013,5.4,107.625,1885.125,1992.75,NA
"306","Shelburne town, MA",NA,"MA","Shelburne",2013,9.1,92.75,925.375,1018.125,NA
"307","Sherborn town, MA",NA,"MA","Sherborn",2013,4.3625,84.5,1843.25,1927.75,NA
"308","Shirley town, MA",NA,"MA","Shirley",2013,6.7,231.375,3228.375,3459.75,NA
"309","Shrewsbury town, MA",NA,"MA","Shrewsbury",2013,5.9125,1079.75,17091.375,18171.125,NA
"310","Shutesbury town, MA",NA,"MA","Shutesbury",2013,5.1875,52,964.5,1016.5,NA
"311","Somerset town, MA",NA,"MA","Somerset",2013,9.55,928.125,8787.75,9715.875,NA
"312","Somerville city, MA",NA,"MA","Somerville city, MA",2013,4.7125,2229.625,45109.875,47339.5,NA
"313","South Hadley town, MA",NA,"MA","South Hadley",2013,6.7125,626,8692.25,9318.25,NA
"314","Southampton town, MA",NA,"MA","Southampton",2013,6.1125,200.375,3087.25,3287.625,NA
"315","Southborough town, MA",NA,"MA","Southborough",2013,5.0125,251.625,4758.5,5010.125,NA
"316","Southbridge Town city, MA",NA,"MA","Southbridge",2013,9.9,782.625,7102,7884.625,NA
"317","Southwick town, MA",NA,"MA","Southwick",2013,7.35,367.125,4618.875,4986,NA
"318","Spencer town, MA",NA,"MA","Spencer",2013,7.5125,479.375,5914.5,6393.875,NA
"319","Springfield-Amherst Center-Greenfield, MA-CT Combined NECTA",NA,"MA","Springfield-Amherst Center-Greenfield, MA-CT Combined NECTA",2013,7.975,30339.75,349315.75,379655.5,NA
"320","Springfield city, MA",NA,"MA","Springfield city, MA",2013,11.1875,7239.875,57471.375,64711.25,NA
"321","Springfield, MA-CT Metropolitan NECTA",NA,"MA","Springfield, MA-CT Metropolitan NECTA",2013,8.275,27612,306247.875,333859.875,NA
"322","Springfield, MA-CT Metropolitan NECTA, MA part",NA,"MA","Springfield, MA-CT Metropolitan NECTA, MA part",2013,8.325,23793.625,261823.125,285616.75,NA
"323","Sterling town, MA",NA,"MA","Sterling",2013,5.9125,257.125,4097.5,4354.625,NA
"324","Stockbridge town, MA",NA,"MA","Stockbridge",2013,4.65,55,1128.5,1183.5,NA
"325","Stoneham town, MA",NA,"MA","Stoneham",2013,5.9125,707.375,11265,11972.375,NA
"326","Stoughton town, MA",NA,"MA","Stoughton",2013,6.55,1009,14401.875,15410.875,NA
"327","Stow town, MA",NA,"MA","Stow",2013,4.8125,179.125,3527.5,3706.625,NA
"328","Sturbridge town, MA",NA,"MA","Sturbridge",2013,6.675,339.375,4745.875,5085.25,NA
"329","Sudbury town, MA",NA,"MA","Sudbury",2013,4.7125,419.125,8441.125,8860.25,NA
"330","Suffolk County, MA",NA,"MA","Suffolk County, MA",2013,6.825,25379.125,347250.25,372629.375,NA
"331","Sunderland town, MA",NA,"MA","Sunderland",2013,5.5125,116.75,2022.25,2139,NA
"332","Sutton town, MA",NA,"MA","Sutton",2013,6.65,319.25,4483.875,4803.125,NA
"333","Swampscott town, MA",NA,"MA","Swampscott",2013,5.775,443.5,7237.625,7681.125,NA
"334","Swansea town, MA",NA,"MA","Swansea",2013,9.6375,878.5,8230.875,9109.375,NA
"335","Taunton-Norton-Raynham, MA NECTA Division",NA,"MA","Taunton-Norton-Raynham, MA NECTA Division",2013,7.2625,4523.625,57664.125,62187.75,NA
"336","Taunton city, MA",NA,"MA","Taunton city, MA",2013,7.775,2363.625,28130,30493.625,NA
"337","Templeton town, MA",NA,"MA","Templeton",2013,8.8125,340.125,3523.875,3864,NA
"338","Tewksbury town, MA",NA,"MA","Tewksbury",2013,6.325,1057,15614.375,16671.375,NA
"339","Tisbury town, MA",NA,"MA","Tisbury",2013,10.3,278,2620.5,2898.5,NA
"340","Tisbury, MA LMA",NA,"MA","Tisbury, MA LMA",2013,7.8125,858.875,11074.125,11933,NA
"341","Tolland town, MA",NA,"MA","Tolland",2013,4.525,11.625,244.625,256.25,NA
"342","Topsfield town, MA",NA,"MA","Topsfield",2013,5.35,162.5,2873.5,3036,NA
"343","Townsend town, MA",NA,"MA","Townsend",2013,6.1625,309.625,4718.375,5028,NA
"344","Truro town, MA",NA,"MA","Truro",2013,13.05,162.75,1075.75,1238.5,NA
"345","Tyngsborough town, MA",NA,"MA","Tyngsborough",2013,6.5875,425.125,6025.375,6450.5,NA
"346","Tyringham town, MA",NA,"MA","Tyringham",2013,2.2625,5.375,230.875,236.25,NA
"347","Upton town, MA",NA,"MA","Upton",2013,5.975,236,3710.25,3946.25,NA
"348","Uxbridge town, MA",NA,"MA","Uxbridge",2013,7.2875,532.5,6760.25,7292.75,NA
"349","Wakefield town, MA",NA,"MA","Wakefield",2013,5.225,735.375,13337.875,14073.25,NA
"350","Wales town, MA",NA,"MA","Wales",2013,7.55,77,944.875,1021.875,NA
"351","Walpole town, MA",NA,"MA","Walpole",2013,5.8125,750.375,12180.125,12930.5,NA
"352","Waltham city, MA",NA,"MA","Waltham city, MA",2013,5.2625,1908.375,34170.75,36079.125,NA
"353","Ware town, MA",NA,"MA","Ware",2013,8.5,431.875,4649.375,5081.25,NA
"354","Wareham town, MA",NA,"MA","Wareham",2013,7.85,1036.125,12165.125,13201.25,NA
"355","Warren town, MA",NA,"MA","Warren",2013,8.6,213,2263.25,2476.25,NA
"356","Warwick town, MA",NA,"MA","Warwick",2013,6.8,24.25,331.625,355.875,NA
"357","Washington town, MA",NA,"MA","Washington",2013,7.375,23.125,290.25,313.375,NA
"358","Watertown Town city, MA",NA,"MA","Watertown",2013,4.7,922.875,18766.875,19689.75,NA
"359","Wayland town, MA",NA,"MA","Wayland",2013,4.325,292.25,6472.625,6764.875,NA
"360","Webster town, MA",NA,"MA","Webster",2013,8.9875,746.25,7542.75,8289,NA
"361","Wellesley town, MA",NA,"MA","Wellesley",2013,4.4,605.125,13133.125,13738.25,NA
"362","Wellfleet town, MA",NA,"MA","Wellfleet",2013,10.375,178.625,1564,1742.625,NA
"363","Wendell town, MA",NA,"MA","Wendell",2013,7.4875,36.75,452.75,489.5,NA
"364","Wenham town, MA",NA,"MA","Wenham",2013,6.925,133.5,1788.5,1922,NA
"365","West Boylston town, MA",NA,"MA","West Boylston",2013,7.975,262.5,3024.5,3287,NA
"366","West Bridgewater town, MA",NA,"MA","West Bridgewater",2013,6.7625,245.5,3382.375,3627.875,NA
"367","West Brookfield town, MA",NA,"MA","West Brookfield",2013,8.7875,158.75,1646.375,1805.125,NA
"368","West Newbury town, MA",NA,"MA","West Newbury",2013,4.8125,110.375,2191.875,2302.25,NA
"369","West Springfield Town city, MA",NA,"MA","West Springfield",2013,7.775,1103,13092,14195,NA
"370","West Stockbridge town, MA",NA,"MA","West Stockbridge",2013,4.9375,38.75,748.875,787.625,NA
"371","West Tisbury town, MA",NA,"MA","West",2013,4.6375,88.75,1992.75,2081.5,NA
"372","Westborough town, MA",NA,"MA","Westborough",2013,5.6125,498.5,8385.625,8884.125,NA
"373","Westfield city, MA",NA,"MA","Westfield city, MA",2013,7.8875,1643.5,19158.25,20801.75,NA
"374","Westford town, MA",NA,"MA","Westford",2013,5.2875,640.25,11473.875,12114.125,NA
"375","Westhampton town, MA",NA,"MA","Westhampton",2013,7.4875,70.75,873.125,943.875,NA
"376","Westminster town, MA",NA,"MA","Westminster",2013,8.375,312.625,3421.25,3733.875,NA
"377","Weston town, MA",NA,"MA","Weston",2013,4.075,216.375,5067.5,5283.875,NA
"378","Westport town, MA",NA,"MA","Westport",2013,10.325,898.25,7788.375,8686.625,NA
"379","Westwood town, MA",NA,"MA","Westwood",2013,4.625,329.625,6776.75,7106.375,NA
"380","Weymouth Town city, MA",NA,"MA","Weymouth",2013,6.575,1990.5,28287.375,30277.875,NA
"381","Whately town, MA",NA,"MA","Whately",2013,4.6375,40.75,838.25,879,NA
"382","Whitman town, MA",NA,"MA","Whitman",2013,7.025,585.875,7737.375,8323.25,NA
"383","Wilbraham town, MA",NA,"MA","Wilbraham",2013,6.2125,418,6309.75,6727.75,NA
"384","Williamsburg town, MA",NA,"MA","Williamsburg",2013,6.675,97.75,1367.25,1465,NA
"385","Williamstown town, MA",NA,"MA","Williamstown",2013,6.0125,220.375,3436.75,3657.125,NA
"386","Wilmington town, MA",NA,"MA","Wilmington",2013,5.7125,734.25,12057.75,12792,NA
"387","Winchendon town, MA",NA,"MA","Winchendon",2013,9.15,444.375,4411.875,4856.25,NA
"388","Winchester town, MA",NA,"MA","Winchester",2013,4.4625,493.125,10533.875,11027,NA
"389","Windsor town, MA",NA,"MA","Windsor",2013,6.3125,32.75,482.125,514.875,NA
"390","Winthrop Town city, MA",NA,"MA","Winthrop",2013,6.0625,596.875,9220.125,9817,NA
"391","Woburn city, MA",NA,"MA","Woburn city, MA",2013,5.7375,1266.625,20840.625,22107.25,NA
"392","Worcester city, MA",NA,"MA","Worcester city, MA",2013,8.5875,7262.5,77378.875,84641.375,NA
"393","Worcester County, MA",NA,"MA","Worcester County, MA",2013,7.775,31271,370865.125,402136.125,NA
"394","Worcester, MA-CT Metropolitan NECTA",NA,"MA","Worcester, MA-CT Metropolitan NECTA",2013,7.5875,22239.75,270691.75,292931.5,NA
"395","Worcester, MA-CT Metropolitan NECTA, MA part",NA,"MA","Worcester, MA-CT Metropolitan NECTA, MA part",2013,7.575,21063.125,256833,277896.125,NA
"396","Worthington town, MA",NA,"MA","Worthington",2013,6.925,41.25,553.375,594.625,NA
"397","Wrentham town, MA",NA,"MA","Wrentham",2013,6.3,367.875,5466,5833.875,NA
"398","Yarmouth town, MA",NA,"MA","Yarmouth",2013,7.85,971.5,11573,12544.5,NA
